lane/openapi-consumer	queued	-	2026-07-29T05:41:01Z	-
lane/openapi-consumer	queued	-	2026-07-29T05:41:01Z	-
lane/openapi-consumer	queued	-	2026-07-29T05:41:01Z	-
lane/24-reconnect	queued	-	2026-07-29T05:37:39Z	-
lane/24-reconnect	queued	-	2026-07-29T05:37:39Z	-
lane/24-reconnect	queued	-	2026-07-29T05:37:39Z	-
lane/24-gateway-surface	queued	-	2026-07-29T05:37:58Z	-
lane/24-gateway-surface	queued	-	2026-07-29T05:37:58Z	-
lane/24-gateway-surface	queued	-	2026-07-29T05:37:58Z	-
lane/24-msteams-attach	queued	-	2026-07-29T05:32:17Z	-
lane/24-msteams-attach	queued	-	2026-07-29T05:32:17Z	-
lane/24-msteams-attach	queued	-	2026-07-29T05:32:17Z	-
lane/24-h6	queued	-	2026-07-29T05:32:20Z	-
lane/24-h6	queued	-	2026-07-29T05:32:20Z	-
lane/24-h6	queued	-	2026-07-29T05:32:20Z	-
lane/24-media-live	queued	-	2026-07-29T05:29:44Z	-
lane/24-media-live	queued	-	2026-07-29T05:29:44Z	-
lane/24-media-live	queued	-	2026-07-29T05:29:44Z	-
lane/24-media-actions	in_progress	-	2026-07-29T05:39:51Z	-
lane/24-media-actions	queued	-	2026-07-29T05:32:41Z	-
lane/24-media-actions	queued	-	2026-07-29T05:32:41Z	-
lane/25-macos	queued	-	2026-07-29T05:32:24Z	-
lane/25-macos	queued	-	2026-07-29T05:32:24Z	-
lane/25-macos	queued	-	2026-07-29T05:32:24Z	-
lane/24-email-msteams	in_progress	-	2026-07-29T05:33:07Z	-
lane/24-email-msteams	in_progress	-	2026-07-29T05:33:01Z	-
lane/24-email-msteams	queued	-	2026-07-29T05:32:22Z	-
plan/f20-unified-audit-repair	queued	-	2026-07-29T04:20:17Z	-
plan/f20-unified-audit-repair	in_progress	-	2026-07-29T05:42:22Z	-
plan/f20-unified-audit-repair	completed	failure	2026-07-29T04:44:02Z	2026-07-29T05:03:39Z
lane/24-matrix-signal	queued	-	2026-07-29T05:39:43Z	-
lane/24-matrix-signal	queued	-	2026-07-29T05:39:43Z	-
lane/24-matrix-signal	queued	-	2026-07-29T05:39:43Z	-
lane/24-media-actions	completed	cancelled	2026-07-29T05:20:45Z	2026-07-29T05:32:41Z
lane/24-media-actions	completed	cancelled	2026-07-29T03:45:41Z	2026-07-29T05:32:21Z
lane/24-media-actions	completed	cancelled	2026-07-29T03:45:41Z	2026-07-29T05:32:21Z
lane/25-macos	completed	failure	2026-07-29T04:56:50Z	2026-07-29T05:27:58Z
lane/25-macos	completed	cancelled	2026-07-29T03:38:04Z	2026-07-29T05:32:23Z
lane/25-macos	completed	cancelled	2026-07-29T03:38:04Z	2026-07-29T05:32:23Z
lane/24-h5	queued	-	2026-07-29T05:32:47Z	-
lane/24-h5	queued	-	2026-07-29T05:32:47Z	-
lane/24-h5	queued	-	2026-07-29T05:32:47Z	-
lane/24-email-msteams	completed	failure	2026-07-29T05:00:54Z	2026-07-29T05:29:06Z
lane/24-email-msteams	completed	cancelled	2026-07-29T03:43:55Z	2026-07-29T05:32:22Z
lane/24-email-msteams	completed	cancelled	2026-07-29T03:43:55Z	2026-07-29T05:32:22Z
lane/24-gateway-surface	completed	cancelled	2026-07-29T03:35:50Z	2026-07-29T05:32:25Z
lane/24-gateway-surface	completed	cancelled	2026-07-29T03:35:50Z	2026-07-29T05:32:25Z
lane/24-gateway-surface	completed	success	2026-07-29T05:06:13Z	2026-07-29T05:20:26Z
lane/24-h6	completed	failure	2026-07-29T04:43:24Z	2026-07-29T05:04:59Z
lane/24-h6	completed	cancelled	2026-07-29T03:47:13Z	2026-07-29T05:32:19Z
lane/24-h6	completed	cancelled	2026-07-29T03:47:13Z	2026-07-29T05:32:19Z
lane/22-c1	queued	-	2026-07-29T05:32:34Z	-
lane/22-c1	queued	-	2026-07-29T05:32:34Z	-
lane/22-c1	queued	-	2026-07-29T05:32:34Z	-
lane/24-h5	completed	failure	2026-07-29T04:20:18Z	2026-07-29T04:46:32Z
lane/24-h5	completed	cancelled	2026-07-29T05:29:10Z	2026-07-29T05:32:46Z
lane/24-h5	completed	cancelled	2026-07-29T02:07:27Z	2026-07-29T05:32:28Z
lane/24-c3-finish	completed	cancelled	2026-07-29T04:04:35Z	2026-07-29T05:32:30Z
lane/24-c3-finish	completed	cancelled	2026-07-29T04:04:35Z	2026-07-29T05:32:30Z
lane/24-c3-finish	completed	cancelled	2026-07-29T04:04:35Z	2026-07-29T05:32:30Z
lane/24-matrix-signal	completed	cancelled	2026-07-29T02:24:22Z	2026-07-29T05:32:27Z
lane/24-matrix-signal	completed	cancelled	2026-07-29T02:24:22Z	2026-07-29T05:32:27Z
lane/24-matrix-signal	completed	cancelled	2026-07-29T02:24:22Z	2026-07-29T05:32:27Z
lane/23a-c1	queued	-	2026-07-29T05:38:07Z	-
lane/23a-c1	queued	-	2026-07-29T05:38:07Z	-
lane/23a-c1	queued	-	2026-07-29T05:38:07Z	-
lane/23a-c1	completed	failure	2026-07-29T03:27:19Z	2026-07-29T03:54:49Z
lane/23a-c1	completed	success	2026-07-29T03:08:12Z	2026-07-29T03:27:16Z
lane/23a-c1	completed	cancelled	2026-07-29T01:32:40Z	2026-07-29T05:32:32Z
lane/23a-census	completed	cancelled	2026-07-29T04:04:18Z	2026-07-29T05:32:31Z
lane/23a-census	completed	cancelled	2026-07-29T04:04:18Z	2026-07-29T05:32:31Z
lane/23a-census	completed	cancelled	2026-07-29T04:04:18Z	2026-07-29T05:32:31Z
lane/22-c1	completed	failure	2026-07-29T05:05:02Z	2026-07-29T05:24:28Z
lane/22-c1	completed	failure	2026-07-29T03:54:52Z	2026-07-29T04:08:21Z
lane/22-c1	completed	cancelled	2026-07-29T01:27:17Z	2026-07-29T05:32:34Z
lane/contract-regen	queued	-	2026-07-29T05:32:37Z	-
lane/contract-regen	queued	-	2026-07-29T05:32:37Z	-
lane/contract-regen	queued	-	2026-07-29T05:32:37Z	-
lane/30-dialect	completed	cancelled	2026-07-29T01:26:06Z	2026-07-29T05:32:35Z
lane/30-dialect	completed	cancelled	2026-07-29T01:26:06Z	2026-07-29T05:32:35Z
lane/30-dialect	completed	cancelled	2026-07-29T01:26:06Z	2026-07-29T05:32:35Z
lane/zombie-probe	completed	failure	2026-07-29T02:40:29Z	2026-07-29T03:02:02Z
lane/zombie-probe	completed	success	2026-07-29T05:20:28Z	2026-07-29T05:39:48Z
lane/zombie-probe	in_progress	-	2026-07-29T05:28:00Z	-
lane/ci-image	queued	-	2026-07-29T05:32:41Z	-
lane/ci-image	queued	-	2026-07-29T05:32:41Z	-
lane/ci-image	queued	-	2026-07-29T05:32:41Z	-
lane/contract-regen	completed	failure	2026-07-29T01:20:09Z	2026-07-29T01:49:21Z
lane/contract-regen	completed	success	2026-07-29T05:03:42Z	2026-07-29T05:20:42Z
lane/contract-regen	completed	cancelled	2026-07-29T01:15:39Z	2026-07-29T05:32:36Z
lane/24-c3-finish	completed	failure	2026-07-29T03:40:11Z	2026-07-29T04:04:19Z
lane/24-c3-finish	completed	success	2026-07-29T01:23:39Z	2026-07-29T01:37:05Z
lane/24-c3-finish	completed	success	2026-07-29T03:20:56Z	2026-07-29T03:40:09Z
lane/23b-h1-measure	completed	failure	2026-07-29T04:04:21Z	2026-07-29T04:27:36Z
lane/23b-h1-measure	completed	success	2026-07-29T04:46:35Z	2026-07-29T05:00:51Z
lane/23b-h1-measure	completed	cancelled	2026-07-29T00:32:26Z	2026-07-29T05:32:38Z
lane/23a-census	completed	failure	2026-07-29T03:36:52Z	2026-07-29T04:04:01Z
lane/23a-census	completed	success	2026-07-29T02:14:07Z	2026-07-29T02:31:27Z
lane/23a-census	completed	success	2026-07-29T02:35:23Z	2026-07-29T02:49:12Z
lane/27-fixes	completed	cancelled	2026-07-29T00:21:47Z	2026-07-29T05:32:39Z
lane/27-fixes	completed	cancelled	2026-07-29T00:21:47Z	2026-07-29T05:32:39Z
lane/27-fixes	completed	cancelled	2026-07-29T00:21:47Z	2026-07-29T05:32:39Z
lane/ci-image	completed	failure	2026-07-29T03:14:42Z	2026-07-29T03:39:27Z
lane/ci-image	completed	success	2026-07-29T01:57:29Z	2026-07-29T02:12:35Z
lane/ci-image	completed	cancelled	2026-07-29T00:14:12Z	2026-07-29T05:32:41Z
lane/27-credentialled	completed	cancelled	2026-07-29T03:14:58Z	2026-07-29T05:32:42Z
lane/27-credentialled	completed	cancelled	2026-07-29T03:14:58Z	2026-07-29T05:32:42Z
lane/27-credentialled	completed	cancelled	2026-07-29T03:14:58Z	2026-07-29T05:32:42Z
lane/json-stream-refusal	completed	cancelled	2026-07-28T23:55:49Z	2026-07-29T05:32:44Z
lane/json-stream-refusal	completed	cancelled	2026-07-28T23:55:49Z	2026-07-29T05:32:44Z
lane/json-stream-refusal	completed	cancelled	2026-07-28T23:55:49Z	2026-07-29T05:32:44Z
lane/27-credentialled	completed	failure	2026-07-29T01:49:24Z	2026-07-29T02:14:04Z
lane/27-credentialled	completed	success	2026-07-29T01:43:39Z	2026-07-29T02:01:32Z
lane/27-credentialled	completed	success	2026-07-29T02:59:58Z	2026-07-29T03:14:57Z
lane/red-68	completed	cancelled	2026-07-28T23:24:04Z	2026-07-29T05:32:45Z
lane/red-68	completed	cancelled	2026-07-28T23:24:05Z	2026-07-29T05:32:45Z
lane/red-68	completed	cancelled	2026-07-28T23:24:05Z	2026-07-29T05:32:45Z
plan/f20-unified-audit-repair	completed	failure	2026-07-29T02:38:25Z	2026-07-29T02:59:55Z
plan/f20-unified-audit-repair	completed	success	2026-07-29T03:35:23Z	2026-07-29T03:52:53Z
plan/f20-unified-audit-repair	completed	success	2026-07-29T04:04:04Z	2026-07-29T04:20:16Z
lane/ci-triage	completed	failure	2026-07-28T23:00:41Z	2026-07-28T23:25:52Z
lane/ci-triage	completed	success	2026-07-29T01:29:17Z	2026-07-29T01:42:48Z
lane/ci-triage	completed	success	2026-07-29T01:36:40Z	2026-07-29T01:57:26Z
lane/ci-unblock	completed	failure	2026-07-29T04:12:54Z	2026-07-29T04:33:43Z
lane/ci-unblock	completed	success	2026-07-29T01:03:45Z	2026-07-29T01:20:05Z
lane/ci-unblock	completed	cancelled	2026-07-29T00:28:51Z	2026-07-29T05:32:50Z
lane/channel-starvation	completed	failure	2026-07-28T22:26:21Z	2026-07-28T22:52:05Z
lane/channel-starvation	completed	success	2026-07-28T22:48:43Z	2026-07-28T23:03:56Z
lane/channel-starvation	completed	success	2026-07-29T03:15:07Z	2026-07-29T03:36:50Z
lane/24-abandon-surface	completed	failure	2026-07-29T02:22:32Z	2026-07-29T02:40:27Z
lane/24-abandon-surface	completed	cancelled	2026-07-29T01:27:58Z	2026-07-29T05:32:49Z
lane/24-abandon-surface	completed	success	2026-07-29T03:39:29Z	2026-07-29T03:57:53Z
lane/channel-starvation	completed	cancelled	2026-07-29T03:36:50Z	2026-07-29T05:32:48Z
lane/channel-starvation	completed	cancelled	2026-07-29T03:36:50Z	2026-07-29T05:32:48Z
lane/channel-starvation	completed	cancelled	2026-07-29T03:36:50Z	2026-07-29T05:32:48Z
lane/ci-triage	completed	cancelled	2026-07-29T01:57:27Z	2026-07-29T05:32:46Z
lane/ci-triage	completed	cancelled	2026-07-29T01:57:27Z	2026-07-29T05:32:46Z
lane/ci-triage	completed	cancelled	2026-07-29T01:57:27Z	2026-07-29T05:32:46Z
lane/28-e5-repair	completed	cancelled	2026-07-28T20:54:05Z	2026-07-28T20:54:24Z
lane/28-e5-repair	completed	cancelled	2026-07-28T20:54:05Z	2026-07-28T20:54:24Z
lane/28-e5-repair	completed	cancelled	2026-07-28T20:54:05Z	2026-07-28T20:54:24Z
lane/28-e5-repair	completed	cancelled	2026-07-28T20:50:27Z	2026-07-28T20:50:41Z
lane/28-e5-repair	completed	cancelled	2026-07-28T20:50:27Z	2026-07-28T20:50:41Z
lane/28-e5-repair	completed	cancelled	2026-07-28T20:50:27Z	2026-07-28T20:50:41Z
lane/23b-h1	completed	failure	2026-07-28T20:25:06Z	2026-07-28T20:48:58Z
lane/23b-h1	completed	success	2026-07-28T22:48:29Z	2026-07-28T23:08:16Z
lane/23b-h1	completed	success	2026-07-29T01:00:44Z	2026-07-29T01:14:22Z
lane/23b-h1	completed	success	2026-07-29T03:52:56Z	2026-07-29T04:12:46Z
lane/23b-h1	completed	success	2026-07-29T04:18:05Z	2026-07-29T04:30:45Z
lane/23b-h1	completed	cancelled	2026-07-29T01:14:23Z	2026-07-29T05:32:56Z
lane/24-c3-discord	completed	failure	2026-07-29T04:33:46Z	2026-07-29T04:56:47Z
lane/24-c3-discord	completed	success	2026-07-29T04:30:48Z	2026-07-29T04:43:30Z
lane/24-c3-discord	completed	cancelled	2026-07-29T05:32:44Z	2026-07-29T05:32:57Z
lane/channel-lease	completed	cancelled	2026-07-29T03:08:10Z	2026-07-29T05:32:53Z
lane/channel-lease	completed	cancelled	2026-07-29T03:08:10Z	2026-07-29T05:32:53Z
lane/channel-lease	completed	cancelled	2026-07-29T03:08:10Z	2026-07-29T05:32:53Z
lane/24-c3-tg-email	completed	failure	2026-07-29T01:53:16Z	2026-07-29T02:20:02Z
lane/24-c3-tg-email	completed	cancelled	2026-07-29T00:11:23Z	2026-07-29T05:32:52Z
lane/24-c3-tg-email	completed	cancelled	2026-07-29T00:11:23Z	2026-07-29T05:32:52Z
lane/28-e5-repair	completed	cancelled	2026-07-28T20:36:18Z	2026-07-28T20:36:32Z
lane/28-e5-repair	completed	cancelled	2026-07-28T20:36:18Z	2026-07-28T20:36:32Z
lane/28-e5-repair	completed	cancelled	2026-07-28T20:36:18Z	2026-07-28T20:36:33Z
lane/24-abandon-surface	completed	failure	2026-07-28T20:42:07Z	2026-07-28T21:06:40Z
lane/24-abandon-surface	completed	success	2026-07-29T01:08:13Z	2026-07-29T01:27:57Z
lane/24-abandon-surface	completed	success	2026-07-28T21:56:29Z	2026-07-28T22:16:08Z
lane/29-deny	completed	failure	2026-07-29T02:40:53Z	2026-07-29T03:14:40Z
lane/29-deny	completed	success	2026-07-29T02:01:26Z	2026-07-29T02:22:30Z
lane/29-deny	completed	success	2026-07-29T03:57:56Z	2026-07-29T04:18:03Z
lane/28-drift	completed	failure	2026-07-29T00:07:24Z	2026-07-29T00:31:47Z
lane/28-drift	completed	success	2026-07-29T00:28:53Z	2026-07-29T00:45:05Z
lane/28-drift	completed	success	2026-07-29T05:24:30Z	2026-07-29T05:42:12Z
lane/28-e5-repair	completed	cancelled	2026-07-28T19:54:22Z	2026-07-28T20:25:07Z
lane/28-e5-repair	completed	cancelled	2026-07-28T19:54:22Z	2026-07-28T20:25:07Z
lane/28-e5-repair	completed	cancelled	2026-07-28T19:54:22Z	2026-07-28T20:25:07Z
lane/remedy-gate	completed	success	2026-07-29T00:44:56Z	2026-07-29T01:03:43Z
lane/remedy-gate	completed	success	2026-07-29T02:21:49Z	2026-07-29T02:35:20Z
lane/remedy-gate	completed	failure	2026-07-29T03:14:33Z	2026-07-29T03:35:21Z
lane/record-truth	completed	failure	2026-07-28T20:48:30Z	2026-07-28T21:13:12Z
lane/record-truth	completed	success	2026-07-28T23:17:16Z	2026-07-28T23:32:11Z
lane/record-truth	completed	success	2026-07-29T02:01:36Z	2026-07-29T02:21:47Z
lane/28-drift	completed	failure	2026-07-28T23:25:55Z	2026-07-28T23:49:15Z
lane/28-drift	completed	success	2026-07-28T23:39:17Z	2026-07-28T23:53:28Z
lane/28-drift	completed	success	2026-07-28T23:32:13Z	2026-07-28T23:51:52Z
lane/29-deny	completed	success	2026-07-28T23:25:54Z	2026-07-28T23:39:15Z
lane/29-deny	completed	failure	2026-07-28T23:56:47Z	2026-07-29T00:20:24Z
lane/29-deny	completed	success	2026-07-28T23:09:03Z	2026-07-28T23:25:52Z
lane/channel-lease	completed	success	2026-07-28T19:35:54Z	2026-07-28T19:58:29Z
lane/channel-lease	completed	failure	2026-07-28T22:01:23Z	2026-07-28T22:26:12Z
lane/channel-lease	completed	success	2026-07-29T02:50:37Z	2026-07-29T03:08:09Z
lane/24-idempotency	completed	failure	2026-07-29T00:09:46Z	2026-07-29T00:29:36Z
lane/24-idempotency	completed	success	2026-07-29T00:19:16Z	2026-07-29T00:41:30Z
lane/24-idempotency	completed	success	2026-07-29T00:45:13Z	2026-07-29T01:00:42Z
lane/ci-unblock	completed	failure	2026-07-28T23:49:19Z	2026-07-29T00:19:12Z
lane/ci-unblock	completed	success	2026-07-28T23:51:54Z	2026-07-29T00:09:45Z
lane/ci-unblock	completed	success	2026-07-29T00:11:32Z	2026-07-29T00:28:51Z
lane/30-04	completed	cancelled	2026-07-29T01:33:26Z	2026-07-29T05:32:57Z
lane/30-04	completed	cancelled	2026-07-29T05:32:56Z	2026-07-29T05:32:59Z
lane/30-04	completed	cancelled	2026-07-29T01:33:26Z	2026-07-29T05:32:57Z
lane/24-idempotency	completed	failure	2026-07-28T21:32:37Z	2026-07-28T22:01:20Z
lane/24-idempotency	completed	success	2026-07-28T23:53:36Z	2026-07-29T00:07:22Z
lane/24-idempotency	completed	success	2026-07-28T22:52:06Z	2026-07-28T23:12:13Z
lane/24-c3-tg-email	completed	success	2026-07-28T22:10:39Z	2026-07-28T22:27:52Z
lane/24-c3-tg-email	completed	failure	2026-07-28T23:08:19Z	2026-07-28T23:35:56Z
lane/24-c3-tg-email	completed	success	2026-07-28T23:52:41Z	2026-07-29T00:11:22Z
lane/24-c3-discord	completed	failure	2026-07-29T01:00:41Z	2026-07-29T01:23:37Z
lane/24-c3-discord	completed	success	2026-07-29T00:29:39Z	2026-07-29T00:49:25Z
lane/24-c3-discord	completed	success	2026-07-29T01:05:55Z	2026-07-29T01:24:42Z
lane/28-adj2	completed	failure	2026-07-29T00:20:28Z	2026-07-29T00:44:53Z
lane/28-adj2	completed	success	2026-07-29T00:49:28Z	2026-07-29T01:05:52Z
lane/28-adj2	completed	success	2026-07-29T00:41:32Z	2026-07-29T01:00:33Z
lane/30-04	completed	failure	2026-07-28T19:59:43Z	2026-07-28T20:23:34Z
lane/30-04	completed	success	2026-07-29T01:14:25Z	2026-07-29T01:33:25Z
lane/30-04	completed	success	2026-07-28T23:03:59Z	2026-07-28T23:19:28Z
lane/28-receipt	completed	success	2026-07-28T21:06:43Z	2026-07-28T21:29:11Z
lane/28-receipt	completed	failure	2026-07-29T04:43:33Z	2026-07-29T05:06:10Z
lane/28-receipt	completed	success	2026-07-29T04:27:38Z	2026-07-29T04:43:22Z
lane/headless-keyring	completed	success	2026-07-28T22:32:18Z	2026-07-28T22:47:47Z
lane/headless-keyring	completed	success	2026-07-29T03:02:04Z	2026-07-29T03:20:54Z
lane/headless-keyring	completed	failure	2026-07-29T04:08:24Z	2026-07-29T04:30:24Z
lane/remedy-gate	completed	failure	2026-07-28T19:56:37Z	2026-07-28T20:24:23Z
lane/remedy-gate	completed	success	2026-07-28T21:36:59Z	2026-07-28T21:55:13Z
lane/remedy-gate	completed	success	2026-07-28T21:51:49Z	2026-07-28T22:10:36Z
lane/30-03	completed	failure	2026-07-29T02:20:10Z	2026-07-29T02:38:23Z
lane/30-03	completed	success	2026-07-29T01:37:07Z	2026-07-29T01:51:46Z
lane/30-03	completed	success	2026-07-29T02:31:30Z	2026-07-29T02:50:52Z
lane/28-receipt	completed	success	2026-07-28T18:49:21Z	2026-07-28T19:08:00Z
lane/28-receipt	completed	success	2026-07-28T19:41:34Z	2026-07-28T19:59:40Z
lane/28-receipt	completed	failure	2026-07-28T20:11:28Z	2026-07-28T20:35:55Z
lane/28-adj2	completed	success	2026-07-28T20:59:48Z	2026-07-28T21:18:29Z
lane/28-adj2	completed	failure	2026-07-28T19:58:33Z	2026-07-28T20:29:22Z
lane/28-adj2	completed	success	2026-07-28T22:27:55Z	2026-07-28T22:48:26Z
plan/f20-unified-audit-repair	completed	success	2026-07-28T20:29:32Z	2026-07-28T20:48:27Z
plan/f20-unified-audit-repair	completed	success	2026-07-28T21:04:10Z	2026-07-28T21:21:14Z
plan/f20-unified-audit-repair	completed	failure	2026-07-28T22:13:59Z	2026-07-28T22:32:15Z
lane/28-adj	completed	failure	2026-07-28T18:54:24Z	2026-07-28T19:20:00Z
lane/28-adj	completed	success	2026-07-28T21:13:15Z	2026-07-28T21:32:34Z
lane/28-adj	completed	success	2026-07-28T23:19:30Z	2026-07-28T23:39:21Z
lane/24-c3-h4	completed	success	2026-07-28T23:39:23Z	2026-07-28T23:56:44Z
lane/24-c3-h4	completed	success	2026-07-29T01:46:26Z	2026-07-29T02:01:23Z
lane/24-c3-h4	completed	failure	2026-07-29T02:12:38Z	2026-07-29T02:40:50Z
lane/22-c3	completed	success	2026-07-28T20:23:37Z	2026-07-28T20:42:04Z
lane/22-c3	completed	success	2026-07-28T20:24:26Z	2026-07-28T20:44:55Z
lane/22-c3	completed	failure	2026-07-29T01:24:44Z	2026-07-29T01:46:08Z
