30428107676	lane/release-trust-root	Eval acceptance gate (Linux, containerized)	queued	-		2026-07-29T06:25:18Z	2026-07-29T06:25:18Z	-
30428107676	lane/release-trust-root	CI (linux-containerized)	queued	-		2026-07-29T06:25:18Z	2026-07-29T06:25:18Z	-
30428107676	lane/release-trust-root	CI (Array)	queued	-		2026-07-29T06:25:18Z	2026-07-29T06:25:18Z	-
30428107676	lane/release-trust-root	CI (macos-latest)	queued	-		2026-07-29T06:25:18Z	2026-07-29T06:25:18Z	-
30428107676	lane/release-trust-root	Browser live e2e (chromium) (ubuntu-latest)	queued	-		2026-07-29T06:25:18Z	2026-07-29T06:25:18Z	-
30428107676	lane/release-trust-root	Build (aarch64-unknown-linux-gnu)	queued	-		2026-07-29T06:25:18Z	2026-07-29T06:25:18Z	-
30428107676	lane/release-trust-root	Build (aarch64-apple-darwin)	queued	-		2026-07-29T06:25:18Z	2026-07-29T06:25:18Z	-
30428107676	lane/release-trust-root	Build (x86_64-unknown-linux-gnu)	queued	-		2026-07-29T06:25:18Z	2026-07-29T06:25:18Z	-
30428107676	lane/release-trust-root	Build (x86_64-pc-windows-msvc)	queued	-		2026-07-29T06:25:18Z	2026-07-29T06:25:18Z	-
30428107676	lane/release-trust-root	Build (x86_64-apple-darwin)	queued	-		2026-07-29T06:25:18Z	2026-07-29T06:25:18Z	-
30428107676	lane/release-trust-root	Build (aarch64-pc-windows-msvc)	queued	-		2026-07-29T06:25:18Z	2026-07-29T06:25:18Z	-
30427984418	plan/f20-unified-audit-repair	Eval acceptance gate (Linux, containerized)	in_progress	-	GitHub Actions 1000033126	2026-07-29T06:23:18Z	2026-07-29T06:35:41Z	-
30427984418	plan/f20-unified-audit-repair	Browser live e2e (chromium) (ubuntu-latest)	queued	-		2026-07-29T06:23:18Z	2026-07-29T06:23:18Z	-
30427984418	plan/f20-unified-audit-repair	CI (macos-latest)	queued	-		2026-07-29T06:23:18Z	2026-07-29T06:23:18Z	-
30427984418	plan/f20-unified-audit-repair	Build (aarch64-pc-windows-msvc)	in_progress	-	GitHub Actions 1000033127	2026-07-29T06:23:18Z	2026-07-29T06:36:03Z	-
30427984418	plan/f20-unified-audit-repair	Build (aarch64-apple-darwin)	queued	-		2026-07-29T06:23:18Z	2026-07-29T06:23:18Z	-
30427984418	plan/f20-unified-audit-repair	Build (x86_64-unknown-linux-gnu)	queued	-		2026-07-29T06:23:18Z	2026-07-29T06:23:18Z	-
30427984418	plan/f20-unified-audit-repair	Build (x86_64-apple-darwin)	queued	-		2026-07-29T06:23:18Z	2026-07-29T06:23:18Z	-
30427984418	plan/f20-unified-audit-repair	Build (x86_64-pc-windows-msvc)	queued	-		2026-07-29T06:23:18Z	2026-07-29T06:23:18Z	-
30427984418	plan/f20-unified-audit-repair	Build (aarch64-unknown-linux-gnu)	queued	-		2026-07-29T06:23:18Z	2026-07-29T06:23:18Z	-
30427984418	plan/f20-unified-audit-repair	CI (linux-containerized)	queued	-		2026-07-29T06:23:18Z	2026-07-29T06:23:18Z	-
30427984418	plan/f20-unified-audit-repair	CI (Array)	queued	-		2026-07-29T06:23:18Z	2026-07-29T06:23:18Z	-
30427849371	lane/ci-macos-budget	Browser live e2e (chromium) (ubuntu-latest)	completed	success	GitHub Actions 1000033114	2026-07-29T06:20:24Z	2026-07-29T06:28:38Z	2026-07-29T06:34:04Z
30427849371	lane/ci-macos-budget	CI (linux-containerized)	in_progress	-	GitHub Actions 1000033123	2026-07-29T06:20:24Z	2026-07-29T06:33:49Z	-
30427849371	lane/ci-macos-budget	CI (macos-latest)	queued	-		2026-07-29T06:20:24Z	2026-07-29T06:20:24Z	-
30427849371	lane/ci-macos-budget	CI (Array)	in_progress	-	SEANDESKTOP	2026-07-29T06:20:24Z	2026-07-29T06:38:31Z	-
30427849371	lane/ci-macos-budget	Build (aarch64-apple-darwin)	queued	-		2026-07-29T06:20:24Z	2026-07-29T06:20:24Z	-
30427849371	lane/ci-macos-budget	Build (x86_64-pc-windows-msvc)	queued	-		2026-07-29T06:20:24Z	2026-07-29T06:20:24Z	-
30427849371	lane/ci-macos-budget	Eval acceptance gate (Linux, containerized)	queued	-		2026-07-29T06:20:24Z	2026-07-29T06:20:24Z	-
30427849371	lane/ci-macos-budget	Build (x86_64-apple-darwin)	queued	-		2026-07-29T06:20:24Z	2026-07-29T06:20:24Z	-
30427849371	lane/ci-macos-budget	Build (aarch64-pc-windows-msvc)	in_progress	-	GitHub Actions 1000033130	2026-07-29T06:20:24Z	2026-07-29T06:36:38Z	-
30427849371	lane/ci-macos-budget	Build (aarch64-unknown-linux-gnu)	queued	-		2026-07-29T06:20:24Z	2026-07-29T06:20:24Z	-
30427849371	lane/ci-macos-budget	Build (x86_64-unknown-linux-gnu)	queued	-		2026-07-29T06:20:24Z	2026-07-29T06:20:24Z	-
30427513255	lane/ci-macos-budget	CI (Array)	completed	cancelled		2026-07-29T06:14:11Z	2026-07-29T06:14:11Z	2026-07-29T06:20:19Z
30427513255	lane/ci-macos-budget	CI (linux-containerized)	completed	cancelled		2026-07-29T06:14:11Z	2026-07-29T06:14:11Z	2026-07-29T06:20:19Z
30427513255	lane/ci-macos-budget	Browser live e2e (chromium) (ubuntu-latest)	completed	cancelled		2026-07-29T06:14:11Z	2026-07-29T06:14:11Z	2026-07-29T06:20:19Z
30427513255	lane/ci-macos-budget	Build (x86_64-pc-windows-msvc)	completed	cancelled		2026-07-29T06:14:11Z	2026-07-29T06:14:11Z	2026-07-29T06:20:19Z
30427513255	lane/ci-macos-budget	Eval acceptance gate (Linux, containerized)	completed	cancelled		2026-07-29T06:14:11Z	2026-07-29T06:14:11Z	2026-07-29T06:20:19Z
30427513255	lane/ci-macos-budget	Build (aarch64-pc-windows-msvc)	completed	cancelled		2026-07-29T06:14:11Z	2026-07-29T06:14:11Z	2026-07-29T06:20:19Z
30427513255	lane/ci-macos-budget	Build (aarch64-unknown-linux-gnu)	completed	cancelled		2026-07-29T06:14:11Z	2026-07-29T06:14:11Z	2026-07-29T06:20:19Z
30427513255	lane/ci-macos-budget	Build (x86_64-unknown-linux-gnu)	completed	cancelled		2026-07-29T06:14:11Z	2026-07-29T06:14:11Z	2026-07-29T06:20:19Z
30426418225	lane/ci-macos-budget	Runner budget (macOS admission control)	completed	cancelled		2026-07-29T05:56:55Z	2026-07-29T05:56:55Z	2026-07-29T06:14:07Z
30426418225	lane/ci-macos-budget	Eval acceptance gate (Linux, containerized)	completed	cancelled	GitHub Actions 1000033087	2026-07-29T05:56:55Z	2026-07-29T06:13:13Z	2026-07-29T06:14:07Z
30426418225	lane/ci-macos-budget	Browser live e2e (chromium) (ubuntu-latest)	completed	cancelled		2026-07-29T05:56:55Z	2026-07-29T05:56:55Z	2026-07-29T06:14:07Z
30426418225	lane/ci-macos-budget	CI (linux-containerized)	completed	cancelled		2026-07-29T05:56:55Z	2026-07-29T05:56:55Z	2026-07-29T06:14:07Z
30426011720	lane/24-media-bounds	CI (linux-containerized)	completed	failure	GitHub Actions 1000033058	2026-07-29T05:45:24Z	2026-07-29T06:02:12Z	2026-07-29T06:30:50Z
30426011720	lane/24-media-bounds	CI (macos-latest)	queued	-		2026-07-29T05:45:24Z	2026-07-29T05:45:24Z	-
30426011720	lane/24-media-bounds	Browser live e2e (chromium) (ubuntu-latest)	completed	failure	GitHub Actions 1000033059	2026-07-29T05:45:24Z	2026-07-29T06:02:30Z	2026-07-29T06:04:33Z
30426011720	lane/24-media-bounds	Eval acceptance gate (Linux, containerized)	completed	success	GitHub Actions 1000033062	2026-07-29T05:45:24Z	2026-07-29T06:03:48Z	2026-07-29T06:10:09Z
30426011720	lane/24-media-bounds	CI (Array)	queued	-		2026-07-29T05:45:24Z	2026-07-29T05:45:24Z	-
30426011720	lane/24-media-bounds	Build (x86_64-pc-windows-msvc)	completed	success	GitHub Actions 1000033066	2026-07-29T05:45:24Z	2026-07-29T06:04:51Z	2026-07-29T06:36:12Z
30426011720	lane/24-media-bounds	Build (aarch64-unknown-linux-gnu)	completed	success	GitHub Actions 1000033080	2026-07-29T05:45:24Z	2026-07-29T06:10:20Z	2026-07-29T06:26:22Z
30426011720	lane/24-media-bounds	Build (aarch64-apple-darwin)	queued	-		2026-07-29T05:45:24Z	2026-07-29T05:45:24Z	-
30426011720	lane/24-media-bounds	Build (x86_64-apple-darwin)	queued	-		2026-07-29T05:45:24Z	2026-07-29T05:45:24Z	-
30426011720	lane/24-media-bounds	Build (aarch64-pc-windows-msvc)	in_progress	-	GitHub Actions 1000033069	2026-07-29T05:45:24Z	2026-07-29T06:05:48Z	-
30426011720	lane/24-media-bounds	Build (x86_64-unknown-linux-gnu)	in_progress	-	GitHub Actions 1000033120	2026-07-29T05:45:24Z	2026-07-29T06:31:18Z	-
30425956850	lane/ci-macos-budget	Browser live e2e (chromium) (ubuntu-latest)	completed	cancelled		2026-07-29T05:44:18Z	2026-07-29T05:44:18Z	2026-07-29T05:44:56Z
30425956850	lane/ci-macos-budget	CI (macos-latest)	completed	cancelled		2026-07-29T05:44:18Z	2026-07-29T05:44:18Z	2026-07-29T05:44:56Z
30425956850	lane/ci-macos-budget	Build (aarch64-apple-darwin)	completed	cancelled		2026-07-29T05:44:18Z	2026-07-29T05:44:18Z	2026-07-29T05:44:56Z
30425956850	lane/ci-macos-budget	Build (x86_64-pc-windows-msvc)	completed	cancelled		2026-07-29T05:44:18Z	2026-07-29T05:44:18Z	2026-07-29T05:44:56Z
30425956850	lane/ci-macos-budget	Build (x86_64-unknown-linux-gnu)	completed	cancelled		2026-07-29T05:44:18Z	2026-07-29T05:44:18Z	2026-07-29T05:44:56Z
30425956850	lane/ci-macos-budget	CI (linux-containerized)	completed	cancelled		2026-07-29T05:44:18Z	2026-07-29T05:44:18Z	2026-07-29T05:44:56Z
30425956850	lane/ci-macos-budget	Build (x86_64-apple-darwin)	completed	cancelled		2026-07-29T05:44:18Z	2026-07-29T05:44:18Z	2026-07-29T05:44:56Z
30425956850	lane/ci-macos-budget	Eval acceptance gate (Linux, containerized)	completed	cancelled		2026-07-29T05:44:18Z	2026-07-29T05:44:18Z	2026-07-29T05:44:56Z
30425956850	lane/ci-macos-budget	CI (Array)	completed	cancelled		2026-07-29T05:44:18Z	2026-07-29T05:44:18Z	2026-07-29T05:44:56Z
30425956850	lane/ci-macos-budget	Build (aarch64-pc-windows-msvc)	completed	cancelled		2026-07-29T05:44:18Z	2026-07-29T05:44:18Z	2026-07-29T05:44:56Z
30425956850	lane/ci-macos-budget	Build (aarch64-unknown-linux-gnu)	completed	cancelled		2026-07-29T05:44:18Z	2026-07-29T05:44:18Z	2026-07-29T05:44:56Z
30425956850	lane/ci-macos-budget	report	completed	cancelled		2026-07-29T05:44:57Z	2026-07-29T05:44:57Z	2026-07-29T05:56:54Z
30425791186	lane/openapi-consumer	CI (linux-containerized)	completed	failure	GitHub Actions 1000033055	2026-07-29T05:41:01Z	2026-07-29T06:01:35Z	2026-07-29T06:30:03Z
30425791186	lane/openapi-consumer	Browser live e2e (chromium) (ubuntu-latest)	in_progress	-	GitHub Actions 1000033132	2026-07-29T05:41:01Z	2026-07-29T06:38:09Z	-
30425791186	lane/openapi-consumer	CI (Array)	queued	-		2026-07-29T05:41:01Z	2026-07-29T05:41:01Z	-
30425791186	lane/openapi-consumer	Eval acceptance gate (Linux, containerized)	queued	-		2026-07-29T05:41:01Z	2026-07-29T05:41:01Z	-
30425791186	lane/openapi-consumer	Build (aarch64-pc-windows-msvc)	completed	success	GitHub Actions 1000033038	2026-07-29T05:41:01Z	2026-07-29T05:49:14Z	2026-07-29T06:21:50Z
30425791186	lane/openapi-consumer	CI (macos-latest)	queued	-		2026-07-29T05:41:01Z	2026-07-29T05:41:01Z	-
30425791186	lane/openapi-consumer	Build (x86_64-apple-darwin)	queued	-		2026-07-29T05:41:01Z	2026-07-29T05:41:01Z	-
30425791186	lane/openapi-consumer	Build (aarch64-apple-darwin)	queued	-		2026-07-29T05:41:01Z	2026-07-29T05:41:01Z	-
30425791186	lane/openapi-consumer	Build (x86_64-unknown-linux-gnu)	queued	-		2026-07-29T05:41:01Z	2026-07-29T05:41:01Z	-
30425791186	lane/openapi-consumer	Build (aarch64-unknown-linux-gnu)	queued	-		2026-07-29T05:41:01Z	2026-07-29T05:41:01Z	-
30425791186	lane/openapi-consumer	Build (x86_64-pc-windows-msvc)	completed	success	GitHub Actions 1000033050	2026-07-29T05:41:01Z	2026-07-29T05:59:30Z	2026-07-29T06:29:15Z
30425630422	lane/24-reconnect	CI (linux-containerized)	in_progress	-	GitHub Actions 1000033077	2026-07-29T05:37:39Z	2026-07-29T06:09:30Z	-
30425630422	lane/24-reconnect	CI (Array)	queued	-		2026-07-29T05:37:39Z	2026-07-29T05:37:39Z	-
30425630422	lane/24-reconnect	CI (macos-latest)	in_progress	-	GitHub Actions 1000033098	2026-07-29T05:37:39Z	2026-07-29T06:20:45Z	-
30425630422	lane/24-reconnect	Browser live e2e (chromium) (ubuntu-latest)	queued	-		2026-07-29T05:37:39Z	2026-07-29T05:37:39Z	-
30425630422	lane/24-reconnect	Eval acceptance gate (Linux, containerized)	queued	-		2026-07-29T05:37:39Z	2026-07-29T05:37:39Z	-
30425630422	lane/24-reconnect	Build (aarch64-unknown-linux-gnu)	in_progress	-	GitHub Actions 1000033113	2026-07-29T05:37:39Z	2026-07-29T06:28:04Z	-
30425630422	lane/24-reconnect	Build (x86_64-unknown-linux-gnu)	in_progress	-	GitHub Actions 1000033125	2026-07-29T05:37:39Z	2026-07-29T06:35:34Z	-
30425630422	lane/24-reconnect	Build (x86_64-apple-darwin)	queued	-		2026-07-29T05:37:39Z	2026-07-29T05:37:39Z	-
30425630422	lane/24-reconnect	Build (aarch64-pc-windows-msvc)	completed	success	GitHub Actions 1000033067	2026-07-29T05:37:39Z	2026-07-29T06:05:02Z	2026-07-29T06:36:15Z
30425630422	lane/24-reconnect	Build (aarch64-apple-darwin)	queued	-		2026-07-29T05:37:39Z	2026-07-29T05:37:39Z	-
30425630422	lane/24-reconnect	Build (x86_64-pc-windows-msvc)	completed	success	GitHub Actions 1000033014	2026-07-29T05:37:39Z	2026-07-29T05:38:18Z	2026-07-29T06:08:53Z
30425358333	lane/24-msteams-attach	CI (linux-containerized)	completed	failure	GitHub Actions 1000032969	2026-07-29T05:32:17Z	2026-07-29T05:32:26Z	2026-07-29T06:00:18Z
30425358333	lane/24-msteams-attach	CI (macos-latest)	queued	-		2026-07-29T05:32:17Z	2026-07-29T05:32:17Z	-
30425358333	lane/24-msteams-attach	Eval acceptance gate (Linux, containerized)	completed	success	GitHub Actions 1000032971	2026-07-29T05:32:17Z	2026-07-29T05:32:20Z	2026-07-29T05:36:54Z
30425358333	lane/24-msteams-attach	CI (Array)	queued	-		2026-07-29T05:32:17Z	2026-07-29T05:32:17Z	-
30425358333	lane/24-msteams-attach	Browser live e2e (chromium) (ubuntu-latest)	completed	success	GitHub Actions 1000032970	2026-07-29T05:32:17Z	2026-07-29T05:32:25Z	2026-07-29T05:37:46Z
30425358333	lane/24-msteams-attach	Build (x86_64-unknown-linux-gnu)	completed	success	GitHub Actions 1000032972	2026-07-29T05:32:17Z	2026-07-29T05:32:20Z	2026-07-29T05:48:51Z
30425358333	lane/24-msteams-attach	Build (aarch64-apple-darwin)	queued	-		2026-07-29T05:32:17Z	2026-07-29T05:32:17Z	-
30425358333	lane/24-msteams-attach	Build (x86_64-apple-darwin)	queued	-		2026-07-29T05:32:17Z	2026-07-29T05:32:17Z	-
30425358333	lane/24-msteams-attach	Build (aarch64-unknown-linux-gnu)	completed	success	GitHub Actions 1000032973	2026-07-29T05:32:17Z	2026-07-29T05:32:20Z	2026-07-29T05:48:27Z
30425358333	lane/24-msteams-attach	Build (x86_64-pc-windows-msvc)	completed	success	GitHub Actions 1000032974	2026-07-29T05:32:17Z	2026-07-29T05:32:22Z	2026-07-29T06:04:51Z
30425358333	lane/24-msteams-attach	Build (aarch64-pc-windows-msvc)	completed	success	GitHub Actions 1000032975	2026-07-29T05:32:17Z	2026-07-29T05:32:21Z	2026-07-29T06:05:48Z
30425230894	lane/24-media-live	CI (linux-containerized)	completed	failure	GitHub Actions 1000032962	2026-07-29T05:29:44Z	2026-07-29T05:29:46Z	2026-07-29T05:58:00Z
30425230894	lane/24-media-live	Build (aarch64-unknown-linux-gnu)	completed	success	GitHub Actions 1000032963	2026-07-29T05:29:44Z	2026-07-29T05:29:52Z	2026-07-29T05:46:08Z
30425230894	lane/24-media-live	CI (Array)	completed	failure	ferrox-win-msvc	2026-07-29T05:29:44Z	2026-07-29T05:32:00Z	2026-07-29T05:48:49Z
30425230894	lane/24-media-live	Build (x86_64-unknown-linux-gnu)	completed	success	GitHub Actions 1000032964	2026-07-29T05:29:44Z	2026-07-29T05:29:52Z	2026-07-29T05:44:36Z
30425230894	lane/24-media-live	Browser live e2e (chromium) (ubuntu-latest)	completed	success	GitHub Actions 1000032965	2026-07-29T05:29:44Z	2026-07-29T05:29:52Z	2026-07-29T05:34:27Z
30425230894	lane/24-media-live	CI (macos-latest)	queued	-		2026-07-29T05:29:44Z	2026-07-29T05:29:44Z	-
30425230894	lane/24-media-live	Eval acceptance gate (Linux, containerized)	completed	success	GitHub Actions 1000032966	2026-07-29T05:29:44Z	2026-07-29T05:29:46Z	2026-07-29T05:35:23Z
30425230894	lane/24-media-live	Build (aarch64-pc-windows-msvc)	completed	success	GitHub Actions 1000032967	2026-07-29T05:29:44Z	2026-07-29T05:29:49Z	2026-07-29T06:01:40Z
30425230894	lane/24-media-live	Build (x86_64-pc-windows-msvc)	completed	success	GitHub Actions 1000032968	2026-07-29T05:29:44Z	2026-07-29T05:29:46Z	2026-07-29T05:52:48Z
30425230894	lane/24-media-live	Build (x86_64-apple-darwin)	queued	-		2026-07-29T05:29:44Z	2026-07-29T05:29:44Z	-
30425230894	lane/24-media-live	Build (aarch64-apple-darwin)	queued	-		2026-07-29T05:29:44Z	2026-07-29T05:29:44Z	-
30424630899	lane/24-gateway-surface	CI (Array)	queued	-		2026-07-29T05:37:58Z	2026-07-29T05:37:58Z	-
30424630899	lane/24-gateway-surface	Eval acceptance gate (Linux, containerized)	completed	success	GitHub Actions 1000033046	2026-07-29T05:37:58Z	2026-07-29T05:57:59Z	2026-07-29T06:03:40Z
30424630899	lane/24-gateway-surface	Build (aarch64-apple-darwin)	completed	success	GitHub Actions 1000033029	2026-07-29T05:37:58Z	2026-07-29T05:46:50Z	2026-07-29T06:10:18Z
30424630899	lane/24-gateway-surface	CI (macos-latest)	queued	-		2026-07-29T05:37:58Z	2026-07-29T05:37:58Z	-
30424630899	lane/24-gateway-surface	Build (aarch64-pc-windows-msvc)	completed	success	GitHub Actions 1000033025	2026-07-29T05:37:58Z	2026-07-29T05:44:47Z	2026-07-29T06:16:04Z
30424630899	lane/24-gateway-surface	Build (x86_64-unknown-linux-gnu)	completed	success	GitHub Actions 1000033051	2026-07-29T05:37:58Z	2026-07-29T06:00:20Z	2026-07-29T06:16:48Z
30424630899	lane/24-gateway-surface	Build (x86_64-apple-darwin)	queued	-		2026-07-29T05:37:58Z	2026-07-29T05:37:58Z	-
30424630899	lane/24-gateway-surface	Build (aarch64-unknown-linux-gnu)	completed	success	GitHub Actions 1000033074	2026-07-29T05:37:58Z	2026-07-29T06:07:50Z	2026-07-29T06:24:08Z
30424630899	lane/24-gateway-surface	Build (x86_64-pc-windows-msvc)	completed	success	GitHub Actions 1000033028	2026-07-29T05:37:58Z	2026-07-29T05:46:09Z	2026-07-29T06:10:05Z
30424630899	lane/24-gateway-surface	CI (linux-containerized)	completed	failure	GitHub Actions 1000033061	2026-07-29T05:37:58Z	2026-07-29T06:03:27Z	2026-07-29T06:31:09Z
30424630899	lane/24-gateway-surface	Browser live e2e (chromium) (ubuntu-latest)	completed	success	GitHub Actions 1000033083	2026-07-29T05:37:58Z	2026-07-29T06:11:28Z	2026-07-29T06:16:52Z
30423227024	lane/24-h6	CI (macos-latest)	queued	-		2026-07-29T05:32:20Z	2026-07-29T05:32:20Z	-
30423227024	lane/24-h6	Build (aarch64-unknown-linux-gnu)	completed	success	GitHub Actions 1000032977	2026-07-29T05:32:20Z	2026-07-29T05:32:22Z	2026-07-29T05:45:44Z
30423227024	lane/24-h6	Build (aarch64-apple-darwin)	in_progress	-	GitHub Actions 1000033121	2026-07-29T05:32:20Z	2026-07-29T06:31:19Z	-
30423227024	lane/24-h6	CI (Array)	completed	failure	ferrox-win-msvc	2026-07-29T05:32:20Z	2026-07-29T05:48:52Z	2026-07-29T06:05:43Z
30423227024	lane/24-h6	Build (x86_64-pc-windows-msvc)	completed	success	GitHub Actions 1000032976	2026-07-29T05:32:20Z	2026-07-29T05:32:38Z	2026-07-29T06:00:33Z
30423227024	lane/24-h6	Browser live e2e (chromium) (ubuntu-latest)	completed	success	GitHub Actions 1000032978	2026-07-29T05:32:20Z	2026-07-29T05:32:22Z	2026-07-29T05:37:13Z
30423227024	lane/24-h6	Build (x86_64-apple-darwin)	queued	-		2026-07-29T05:32:20Z	2026-07-29T05:32:20Z	-
30423227024	lane/24-h6	CI (linux-containerized)	completed	failure	GitHub Actions 1000032981	2026-07-29T05:32:20Z	2026-07-29T05:32:22Z	2026-07-29T05:58:58Z
30423227024	lane/24-h6	Build (x86_64-unknown-linux-gnu)	completed	success	GitHub Actions 1000032979	2026-07-29T05:32:20Z	2026-07-29T05:32:22Z	2026-07-29T05:47:28Z
30423227024	lane/24-h6	Eval acceptance gate (Linux, containerized)	completed	success	GitHub Actions 1000032980	2026-07-29T05:32:20Z	2026-07-29T05:32:22Z	2026-07-29T05:37:56Z
30423227024	lane/24-h6	Build (aarch64-pc-windows-msvc)	completed	success	GitHub Actions 1000032982	2026-07-29T05:32:20Z	2026-07-29T05:32:47Z	2026-07-29T06:02:59Z
30421332107	plan/f20-unified-audit-repair	CI (linux-containerized)	completed	failure	GitHub Actions 1000032926	2026-07-29T04:20:17Z	2026-07-29T04:20:25Z	2026-07-29T04:48:07Z
30421332107	plan/f20-unified-audit-repair	Browser live e2e (chromium) (ubuntu-latest)	completed	success	GitHub Actions 1000032929	2026-07-29T04:20:17Z	2026-07-29T04:20:18Z	2026-07-29T04:25:47Z
30421332107	plan/f20-unified-audit-repair	Build (x86_64-apple-darwin)	completed	success	GitHub Actions 1000033039	2026-07-29T04:20:17Z	2026-07-29T05:49:46Z	2026-07-29T06:13:11Z
30421332107	plan/f20-unified-audit-repair	Build (x86_64-unknown-linux-gnu)	completed	success	GitHub Actions 1000032928	2026-07-29T04:20:17Z	2026-07-29T04:20:18Z	2026-07-29T04:36:05Z
30421332107	plan/f20-unified-audit-repair	Build (aarch64-apple-darwin)	completed	success	GitHub Actions 1000033020	2026-07-29T04:20:17Z	2026-07-29T05:42:22Z	2026-07-29T05:57:08Z
30421332107	plan/f20-unified-audit-repair	Build (x86_64-pc-windows-msvc)	completed	success	GitHub Actions 1000032930	2026-07-29T04:20:17Z	2026-07-29T04:20:22Z	2026-07-29T04:49:25Z
30421332107	plan/f20-unified-audit-repair	CI (macos-latest)	completed	failure	GitHub Actions 1000032942	2026-07-29T04:20:17Z	2026-07-29T04:44:02Z	2026-07-29T05:03:39Z
30421332107	plan/f20-unified-audit-repair	Eval acceptance gate (Linux, containerized)	completed	success	GitHub Actions 1000032927	2026-07-29T04:20:17Z	2026-07-29T04:20:25Z	2026-07-29T04:26:12Z
30421332107	plan/f20-unified-audit-repair	CI (Array)	completed	failure	SEANDESKTOP	2026-07-29T04:20:17Z	2026-07-29T05:49:27Z	2026-07-29T06:06:01Z
30421332107	plan/f20-unified-audit-repair	Build (aarch64-pc-windows-msvc)	completed	success	GitHub Actions 1000032931	2026-07-29T04:20:17Z	2026-07-29T04:20:19Z	2026-07-29T04:54:04Z
30421332107	plan/f20-unified-audit-repair	Build (aarch64-unknown-linux-gnu)	completed	success	GitHub Actions 1000032932	2026-07-29T04:20:17Z	2026-07-29T04:20:19Z	2026-07-29T04:34:34Z
30421332107	plan/f20-unified-audit-repair	report	completed	success	GitHub Actions 1000033105	2026-07-29T06:06:01Z	2026-07-29T06:23:07Z	2026-07-29T06:23:18Z
30421252496	lane/24-email-msteams	Eval acceptance gate (Linux, containerized)	completed	success	GitHub Actions 1000032985	2026-07-29T05:32:22Z	2026-07-29T05:32:31Z	2026-07-29T05:39:29Z
30421252496	lane/24-email-msteams	CI (macos-latest)	completed	failure	GitHub Actions 1000033001	2026-07-29T05:32:22Z	2026-07-29T05:33:07Z	2026-07-29T05:56:44Z
30421252496	lane/24-email-msteams	Browser live e2e (chromium) (ubuntu-latest)	completed	success	GitHub Actions 1000032984	2026-07-29T05:32:22Z	2026-07-29T05:32:30Z	2026-07-29T05:38:02Z
30421252496	lane/24-email-msteams	Build (aarch64-apple-darwin)	completed	success	GitHub Actions 1000033002	2026-07-29T05:32:22Z	2026-07-29T05:33:01Z	2026-07-29T05:46:47Z
30421252496	lane/24-email-msteams	Build (aarch64-unknown-linux-gnu)	completed	success	GitHub Actions 1000032988	2026-07-29T05:32:22Z	2026-07-29T05:32:31Z	2026-07-29T05:48:20Z
30421252496	lane/24-email-msteams	Build (x86_64-pc-windows-msvc)	completed	success	GitHub Actions 1000032987	2026-07-29T05:32:22Z	2026-07-29T05:32:28Z	2026-07-29T06:01:33Z
30421252496	lane/24-email-msteams	CI (Array)	completed	failure	SEANDESKTOP	2026-07-29T05:32:22Z	2026-07-29T05:32:44Z	2026-07-29T05:49:24Z
30421252496	lane/24-email-msteams	CI (linux-containerized)	completed	failure	GitHub Actions 1000032990	2026-07-29T05:32:22Z	2026-07-29T05:32:30Z	2026-07-29T06:00:52Z
30421252496	lane/24-email-msteams	Build (x86_64-apple-darwin)	queued	-		2026-07-29T05:32:22Z	2026-07-29T05:32:22Z	-
30421252496	lane/24-email-msteams	Build (aarch64-pc-windows-msvc)	completed	success	GitHub Actions 1000032986	2026-07-29T05:32:22Z	2026-07-29T05:32:40Z	2026-07-29T06:04:48Z
30421252496	lane/24-email-msteams	Build (x86_64-unknown-linux-gnu)	completed	success	GitHub Actions 1000032989	2026-07-29T05:32:22Z	2026-07-29T05:32:25Z	2026-07-29T05:44:37Z
30421252496	lane/24-email-msteams	report	completed	success	GitHub Actions 1000033082	2026-07-29T05:56:44Z	2026-07-29T06:11:19Z	2026-07-29T06:11:26Z
30421244218	lane/24-media-actions	CI (macos-latest)	completed	failure	GitHub Actions 1000033018	2026-07-29T05:32:41Z	2026-07-29T05:39:51Z	2026-07-29T06:12:34Z
30421244218	lane/24-media-actions	Build (aarch64-apple-darwin)	completed	success	GitHub Actions 1000033048	2026-07-29T05:32:41Z	2026-07-29T05:58:24Z	2026-07-29T06:16:40Z
30421244218	lane/24-media-actions	Build (aarch64-pc-windows-msvc)	completed	success	GitHub Actions 1000033010	2026-07-29T05:32:41Z	2026-07-29T05:38:01Z	2026-07-29T06:09:22Z
30421244218	lane/24-media-actions	Browser live e2e (chromium) (ubuntu-latest)	completed	success	GitHub Actions 1000033057	2026-07-29T05:32:41Z	2026-07-29T06:01:49Z	2026-07-29T06:06:49Z
30421244218	lane/24-media-actions	Build (x86_64-unknown-linux-gnu)	completed	success	GitHub Actions 1000033030	2026-07-29T05:32:41Z	2026-07-29T05:47:36Z	2026-07-29T06:04:25Z
30421244218	lane/24-media-actions	Build (x86_64-apple-darwin)	completed	success	GitHub Actions 1000033090	2026-07-29T05:32:41Z	2026-07-29T06:14:48Z	2026-07-29T06:31:17Z
30421244218	lane/24-media-actions	CI (linux-containerized)	completed	failure	GitHub Actions 1000033043	2026-07-29T05:32:41Z	2026-07-29T05:55:56Z	2026-07-29T06:23:05Z
30421244218	lane/24-media-actions	Build (aarch64-unknown-linux-gnu)	completed	success	GitHub Actions 1000033036	2026-07-29T05:32:41Z	2026-07-29T05:49:09Z	2026-07-29T06:05:22Z
30421244218	lane/24-media-actions	Build (x86_64-pc-windows-msvc)	completed	success	GitHub Actions 1000033031	2026-07-29T05:32:41Z	2026-07-29T05:48:22Z	2026-07-29T06:10:41Z
30421244218	lane/24-media-actions	CI (Array)	queued	-		2026-07-29T05:32:41Z	2026-07-29T05:32:41Z	-
30421244218	lane/24-media-actions	Eval acceptance gate (Linux, containerized)	completed	success	GitHub Actions 1000033070	2026-07-29T05:32:41Z	2026-07-29T06:05:50Z	2026-07-29T06:11:17Z
30420825834	lane/25-macos	CI (linux-containerized)	completed	failure	GitHub Actions 1000032991	2026-07-29T05:32:24Z	2026-07-29T05:32:32Z	2026-07-29T05:59:25Z
30420825834	lane/25-macos	Eval acceptance gate (Linux, containerized)	completed	success	GitHub Actions 1000032993	2026-07-29T05:32:24Z	2026-07-29T05:32:26Z	2026-07-29T05:38:16Z
30420825834	lane/25-macos	Browser live e2e (chromium) (ubuntu-latest)	completed	success	GitHub Actions 1000032992	2026-07-29T05:32:24Z	2026-07-29T05:32:34Z	2026-07-29T05:38:02Z
30420825834	lane/25-macos	CI (macos-latest)	in_progress	-	GitHub Actions 1000033088	2026-07-29T05:32:24Z	2026-07-29T06:14:09Z	-
30420825834	lane/25-macos	CI (Array)	queued	-		2026-07-29T05:32:24Z	2026-07-29T05:32:24Z	-
30420825834	lane/25-macos	Build (aarch64-unknown-linux-gnu)	completed	success	GitHub Actions 1000032995	2026-07-29T05:32:24Z	2026-07-29T05:32:27Z	2026-07-29T05:48:41Z
30420825834	lane/25-macos	Build (aarch64-apple-darwin)	queued	-		2026-07-29T05:32:24Z	2026-07-29T05:32:24Z	-
30420825834	lane/25-macos	Build (x86_64-pc-windows-msvc)	completed	success	GitHub Actions 1000032994	2026-07-29T05:32:24Z	2026-07-29T05:32:48Z	2026-07-29T06:02:09Z
30420825834	lane/25-macos	Build (aarch64-pc-windows-msvc)	completed	success	GitHub Actions 1000032997	2026-07-29T05:32:24Z	2026-07-29T05:32:33Z	2026-07-29T06:02:29Z
30420825834	lane/25-macos	Build (x86_64-unknown-linux-gnu)	completed	success	GitHub Actions 1000032996	2026-07-29T05:32:24Z	2026-07-29T05:32:27Z	2026-07-29T05:49:12Z
30420825834	lane/25-macos	Build (x86_64-apple-darwin)	queued	-		2026-07-29T05:32:24Z	2026-07-29T05:32:24Z	-
30420499562	lane/24-h6	Browser live e2e (chromium) (ubuntu-latest)	completed	success	GitHub Actions 1000032896	2026-07-29T03:47:13Z	2026-07-29T03:47:16Z	2026-07-29T03:51:38Z
30420499562	lane/24-h6	Build (x86_64-pc-windows-msvc)	completed	success	GitHub Actions 1000032894	2026-07-29T03:47:13Z	2026-07-29T03:47:17Z	2026-07-29T04:18:01Z
30420499562	lane/24-h6	CI (Array)	completed	failure	ferrox-win-msvc	2026-07-29T03:47:13Z	2026-07-29T04:10:58Z	2026-07-29T04:27:33Z
30420499562	lane/24-h6	Build (x86_64-unknown-linux-gnu)	completed	success	GitHub Actions 1000032895	2026-07-29T03:47:13Z	2026-07-29T03:47:15Z	2026-07-29T04:03:14Z
30420499562	lane/24-h6	CI (macos-latest)	completed	failure	GitHub Actions 1000032940	2026-07-29T03:47:13Z	2026-07-29T04:43:24Z	2026-07-29T05:04:59Z
30420499562	lane/24-h6	Build (aarch64-unknown-linux-gnu)	completed	success	GitHub Actions 1000032897	2026-07-29T03:47:13Z	2026-07-29T03:47:15Z	2026-07-29T04:02:52Z
30420499562	lane/24-h6	CI (linux-containerized)	completed	failure	GitHub Actions 1000032898	2026-07-29T03:47:13Z	2026-07-29T03:47:15Z	2026-07-29T04:14:59Z
30420499562	lane/24-h6	Eval acceptance gate (Linux, containerized)	completed	success	GitHub Actions 1000032900	2026-07-29T03:47:13Z	2026-07-29T03:49:32Z	2026-07-29T03:55:09Z
30420499562	lane/24-h6	Build (x86_64-apple-darwin)	completed	cancelled		2026-07-29T03:47:13Z	2026-07-29T03:47:13Z	2026-07-29T05:32:19Z
30420499562	lane/24-h6	Build (aarch64-pc-windows-msvc)	completed	success	GitHub Actions 1000032899	2026-07-29T03:47:13Z	2026-07-29T03:49:17Z	2026-07-29T04:21:29Z
30420499562	lane/24-h6	Build (aarch64-apple-darwin)	completed	cancelled		2026-07-29T03:47:13Z	2026-07-29T03:47:13Z	2026-07-29T05:32:19Z
30420499562	lane/24-h6	report	completed	success	GitHub Actions 1000032950	2026-07-29T05:04:59Z	2026-07-29T05:05:02Z	2026-07-29T05:05:12Z
30420430783	lane/24-media-actions	CI (Array)	completed	failure	ferrox-win-msvc	2026-07-29T03:45:41Z	2026-07-29T05:14:52Z	2026-07-29T05:31:56Z
30420430783	lane/24-media-actions	Build (aarch64-pc-windows-msvc)	completed	success	GitHub Actions 1000032887	2026-07-29T03:45:41Z	2026-07-29T03:45:43Z	2026-07-29T04:19:35Z
30420430783	lane/24-media-actions	Build (aarch64-apple-darwin)	completed	cancelled	GitHub Actions 1000032955	2026-07-29T03:45:41Z	2026-07-29T05:20:45Z	2026-07-29T05:32:41Z
30420430783	lane/24-media-actions	Build (x86_64-unknown-linux-gnu)	completed	success	GitHub Actions 1000032888	2026-07-29T03:45:41Z	2026-07-29T03:45:43Z	2026-07-29T03:58:07Z
30420430783	lane/24-media-actions	Eval acceptance gate (Linux, containerized)	completed	success	GitHub Actions 1000032889	2026-07-29T03:45:41Z	2026-07-29T03:45:43Z	2026-07-29T03:51:20Z
30420430783	lane/24-media-actions	CI (macos-latest)	completed	cancelled		2026-07-29T03:45:41Z	2026-07-29T03:45:41Z	2026-07-29T05:32:21Z
30420430783	lane/24-media-actions	Build (x86_64-pc-windows-msvc)	completed	success	GitHub Actions 1000032893	2026-07-29T03:45:41Z	2026-07-29T03:45:43Z	2026-07-29T04:17:22Z
30420430783	lane/24-media-actions	Build (aarch64-unknown-linux-gnu)	completed	success	GitHub Actions 1000032891	2026-07-29T03:45:41Z	2026-07-29T03:45:49Z	2026-07-29T04:01:34Z
30420430783	lane/24-media-actions	CI (linux-containerized)	completed	failure	GitHub Actions 1000032890	2026-07-29T03:45:41Z	2026-07-29T03:45:44Z	2026-07-29T04:14:32Z
30420430783	lane/24-media-actions	Build (x86_64-apple-darwin)	completed	cancelled		2026-07-29T03:45:41Z	2026-07-29T03:45:41Z	2026-07-29T05:32:21Z
30420430783	lane/24-media-actions	Browser live e2e (chromium) (ubuntu-latest)	completed	success	GitHub Actions 1000032892	2026-07-29T03:45:41Z	2026-07-29T03:45:43Z	2026-07-29T03:49:58Z
30420430783	lane/24-media-actions	report	completed	success	GitHub Actions 1000032983	2026-07-29T05:32:21Z	2026-07-29T05:32:23Z	2026-07-29T05:32:31Z
30420349886	lane/24-email-msteams	CI (macos-latest)	completed	failure	GitHub Actions 1000032947	2026-07-29T03:43:55Z	2026-07-29T05:00:54Z	2026-07-29T05:29:06Z
30420349886	lane/24-email-msteams	Eval acceptance gate (Linux, containerized)	completed	success	GitHub Actions 1000032882	2026-07-29T03:43:55Z	2026-07-29T03:43:57Z	2026-07-29T03:50:40Z
30420349886	lane/24-email-msteams	CI (linux-containerized)	completed	failure	GitHub Actions 1000032881	2026-07-29T03:43:55Z	2026-07-29T03:43:57Z	2026-07-29T04:13:08Z
30420349886	lane/24-email-msteams	Browser live e2e (chromium) (ubuntu-latest)	completed	success	GitHub Actions 1000032880	2026-07-29T03:43:55Z	2026-07-29T03:44:03Z	2026-07-29T03:49:30Z
30420349886	lane/24-email-msteams	CI (Array)	completed	failure	SEANDESKTOP	2026-07-29T03:43:55Z	2026-07-29T04:19:28Z	2026-07-29T04:36:03Z
30420349886	lane/24-email-msteams	Build (aarch64-unknown-linux-gnu)	completed	success	GitHub Actions 1000032883	2026-07-29T03:43:55Z	2026-07-29T03:43:57Z	2026-07-29T04:01:02Z
30420349886	lane/24-email-msteams	Build (x86_64-unknown-linux-gnu)	completed	success	GitHub Actions 1000032884	2026-07-29T03:43:55Z	2026-07-29T03:43:57Z	2026-07-29T04:00:09Z
30420349886	lane/24-email-msteams	Build (aarch64-pc-windows-msvc)	completed	success	GitHub Actions 1000032885	2026-07-29T03:43:55Z	2026-07-29T03:43:57Z	2026-07-29T04:11:08Z
30420349886	lane/24-email-msteams	Build (x86_64-pc-windows-msvc)	completed	success	GitHub Actions 1000032886	2026-07-29T03:43:55Z	2026-07-29T03:43:57Z	2026-07-29T04:16:27Z
30420349886	lane/24-email-msteams	Build (aarch64-apple-darwin)	completed	cancelled		2026-07-29T03:43:55Z	2026-07-29T03:43:55Z	2026-07-29T05:32:22Z
30420349886	lane/24-email-msteams	Build (x86_64-apple-darwin)	completed	cancelled		2026-07-29T03:43:55Z	2026-07-29T03:43:55Z	2026-07-29T05:32:22Z
30420349886	lane/24-email-msteams	report	completed	success	GitHub Actions 1000032961	2026-07-29T05:29:07Z	2026-07-29T05:29:08Z	2026-07-29T05:29:16Z
30420092783	lane/25-macos	CI (Array)	completed	failure	SEANDESKTOP	2026-07-29T03:38:04Z	2026-07-29T04:02:30Z	2026-07-29T04:19:25Z
30420092783	lane/25-macos	CI (linux-containerized)	completed	failure	GitHub Actions 1000032870	2026-07-29T03:38:04Z	2026-07-29T03:38:07Z	2026-07-29T04:07:43Z
30420092783	lane/25-macos	Browser live e2e (chromium) (ubuntu-latest)	completed	success	GitHub Actions 1000032871	2026-07-29T03:38:04Z	2026-07-29T03:38:06Z	2026-07-29T03:43:12Z
30420092783	lane/25-macos	CI (macos-latest)	completed	failure	GitHub Actions 1000032945	2026-07-29T03:38:04Z	2026-07-29T04:56:50Z	2026-07-29T05:27:58Z
30420092783	lane/25-macos	Eval acceptance gate (Linux, containerized)	completed	success	GitHub Actions 1000032874	2026-07-29T03:38:04Z	2026-07-29T03:38:06Z	2026-07-29T03:43:42Z
30420092783	lane/25-macos	Build (x86_64-pc-windows-msvc)	completed	success	GitHub Actions 1000032872	2026-07-29T03:38:04Z	2026-07-29T03:38:10Z	2026-07-29T04:08:17Z
30420092783	lane/25-macos	Build (aarch64-apple-darwin)	completed	cancelled		2026-07-29T03:38:04Z	2026-07-29T03:38:04Z	2026-07-29T05:32:23Z
30420092783	lane/25-macos	Build (x86_64-unknown-linux-gnu)	completed	success	GitHub Actions 1000032875	2026-07-29T03:38:04Z	2026-07-29T03:38:06Z	2026-07-29T03:54:48Z
30420092783	lane/25-macos	Build (aarch64-pc-windows-msvc)	completed	success	GitHub Actions 1000032873	2026-07-29T03:38:04Z	2026-07-29T03:38:06Z	2026-07-29T04:12:04Z
30420092783	lane/25-macos	Build (aarch64-unknown-linux-gnu)	completed	success	GitHub Actions 1000032876	2026-07-29T03:38:04Z	2026-07-29T03:38:06Z	2026-07-29T03:54:12Z
30420092783	lane/25-macos	Build (x86_64-apple-darwin)	completed	cancelled		2026-07-29T03:38:04Z	2026-07-29T03:38:04Z	2026-07-29T05:32:23Z
30420092783	lane/25-macos	report	completed	success	GitHub Actions 1000032959	2026-07-29T05:27:58Z	2026-07-29T05:28:05Z	2026-07-29T05:28:16Z
30419996325	lane/24-gateway-surface	Eval acceptance gate (Linux, containerized)	completed	success	GitHub Actions 1000032857	2026-07-29T03:35:50Z	2026-07-29T03:35:52Z	2026-07-29T03:41:39Z
30419996325	lane/24-gateway-surface	Browser live e2e (chromium) (ubuntu-latest)	completed	success	GitHub Actions 1000032855	2026-07-29T03:35:50Z	2026-07-29T03:35:52Z	2026-07-29T03:40:57Z
30419996325	lane/24-gateway-surface	Build (aarch64-unknown-linux-gnu)	completed	success	GitHub Actions 1000032856	2026-07-29T03:35:50Z	2026-07-29T03:35:52Z	2026-07-29T03:49:15Z
30419996325	lane/24-gateway-surface	CI (linux-containerized)	completed	failure	GitHub Actions 1000032860	2026-07-29T03:35:50Z	2026-07-29T03:35:52Z	2026-07-29T04:00:38Z
30419996325	lane/24-gateway-surface	Build (x86_64-pc-windows-msvc)	completed	success	GitHub Actions 1000032859	2026-07-29T03:35:50Z	2026-07-29T03:35:55Z	2026-07-29T04:06:28Z
30419996325	lane/24-gateway-surface	CI (macos-latest)	completed	cancelled		2026-07-29T03:35:50Z	2026-07-29T03:35:50Z	2026-07-29T05:32:25Z
30419996325	lane/24-gateway-surface	Build (x86_64-unknown-linux-gnu)	completed	success	GitHub Actions 1000032858	2026-07-29T03:35:50Z	2026-07-29T03:35:59Z	2026-07-29T03:51:13Z
30419996325	lane/24-gateway-surface	Build (aarch64-apple-darwin)	completed	cancelled		2026-07-29T03:35:50Z	2026-07-29T03:35:50Z	2026-07-29T05:32:25Z
30419996325	lane/24-gateway-surface	Build (x86_64-apple-darwin)	completed	success	GitHub Actions 1000032951	2026-07-29T03:35:50Z	2026-07-29T05:06:13Z	2026-07-29T05:20:26Z
30419996325	lane/24-gateway-surface	CI (Array)	completed	failure	ferrox-win-msvc	2026-07-29T03:35:50Z	2026-07-29T03:54:43Z	2026-07-29T04:10:54Z
30419996325	lane/24-gateway-surface	Build (aarch64-pc-windows-msvc)	completed	success	GitHub Actions 1000032861	2026-07-29T03:35:50Z	2026-07-29T03:35:53Z	2026-07-29T04:08:49Z
30419996325	lane/24-gateway-surface	report	completed	success	GitHub Actions 1000033008	2026-07-29T05:32:25Z	2026-07-29T05:37:48Z	2026-07-29T05:37:57Z
30419271199	lane/24-matrix-signal	Build (x86_64-pc-windows-msvc)	completed	success	GitHub Actions 1000033042	2026-07-29T05:39:43Z	2026-07-29T05:53:24Z	2026-07-29T06:22:09Z
30419271199	lane/24-matrix-signal	Build (aarch64-unknown-linux-gnu)	completed	success	GitHub Actions 1000033081	2026-07-29T05:39:43Z	2026-07-29T06:10:43Z	2026-07-29T06:26:28Z
30419271199	lane/24-matrix-signal	CI (Array)	queued	-		2026-07-29T05:39:43Z	2026-07-29T05:39:43Z	-
30419271199	lane/24-matrix-signal	Build (x86_64-unknown-linux-gnu)	completed	success	GitHub Actions 1000033065	2026-07-29T05:39:43Z	2026-07-29T06:04:41Z	2026-07-29T06:20:46Z
30419271199	lane/24-matrix-signal	Browser live e2e (chromium) (ubuntu-latest)	completed	success	GitHub Actions 1000033093	2026-07-29T05:39:43Z	2026-07-29T06:16:57Z	2026-07-29T06:22:10Z
30419271199	lane/24-matrix-signal	Build (aarch64-pc-windows-msvc)	completed	success	GitHub Actions 1000033044	2026-07-29T05:39:43Z	2026-07-29T05:56:46Z	2026-07-29T06:28:01Z
30419271199	lane/24-matrix-signal	CI (macos-latest)	queued	-		2026-07-29T05:39:43Z	2026-07-29T05:39:43Z	-
30419271199	lane/24-matrix-signal	Build (x86_64-apple-darwin)	queued	-		2026-07-29T05:39:43Z	2026-07-29T05:39:43Z	-
30419271199	lane/24-matrix-signal	Build (aarch64-apple-darwin)	queued	-		2026-07-29T05:39:43Z	2026-07-29T05:39:43Z	-
30419271199	lane/24-matrix-signal	CI (linux-containerized)	in_progress	-	GitHub Actions 1000033116	2026-07-29T05:39:43Z	2026-07-29T06:29:18Z	-
30419271199	lane/24-matrix-signal	Eval acceptance gate (Linux, containerized)	queued	-		2026-07-29T05:39:43Z	2026-07-29T05:39:43Z	-
30418529836	lane/24-h5	Build (x86_64-unknown-linux-gnu)	completed	success	GitHub Actions 1000033099	2026-07-29T05:32:47Z	2026-07-29T06:20:48Z	2026-07-29T06:35:32Z
30418529836	lane/24-h5	Eval acceptance gate (Linux, containerized)	completed	success	GitHub Actions 1000033117	2026-07-29T05:32:47Z	2026-07-29T06:30:05Z	2026-07-29T06:36:02Z
30418529836	lane/24-h5	Build (aarch64-unknown-linux-gnu)	completed	success	GitHub Actions 1000033103	2026-07-29T05:32:47Z	2026-07-29T06:22:39Z	2026-07-29T06:38:39Z
30418529836	lane/24-h5	Build (aarch64-apple-darwin)	queued	-		2026-07-29T05:32:47Z	2026-07-29T05:32:47Z	-
30418529836	lane/24-h5	Build (x86_64-apple-darwin)	queued	-		2026-07-29T05:32:47Z	2026-07-29T05:32:47Z	-
30418529836	lane/24-h5	Build (aarch64-pc-windows-msvc)	completed	success	GitHub Actions 1000033004	2026-07-29T05:32:47Z	2026-07-29T05:35:29Z	2026-07-29T06:05:41Z
30418529836	lane/24-h5	CI (linux-containerized)	in_progress	-	GitHub Actions 1000033119	2026-07-29T05:32:47Z	2026-07-29T06:30:58Z	-
30418529836	lane/24-h5	CI (macos-latest)	queued	-		2026-07-29T05:32:47Z	2026-07-29T05:32:47Z	-
30418529836	lane/24-h5	Browser live e2e (chromium) (ubuntu-latest)	completed	success	GitHub Actions 1000033122	2026-07-29T05:32:47Z	2026-07-29T06:32:01Z	2026-07-29T06:36:32Z
30418529836	lane/24-h5	CI (Array)	queued	-		2026-07-29T05:32:47Z	2026-07-29T05:32:47Z	-
30418529836	lane/24-h5	Build (x86_64-pc-windows-msvc)	completed	success	GitHub Actions 1000033006	2026-07-29T05:32:47Z	2026-07-29T05:37:14Z	2026-07-29T06:00:22Z
30416741389	lane/24-matrix-signal	CI (linux-containerized)	completed	failure	GitHub Actions 1000032812	2026-07-29T02:24:22Z	2026-07-29T02:24:30Z	2026-07-29T02:52:26Z
30416741389	lane/24-matrix-signal	CI (Array)	completed	failure	ferrox-win-msvc	2026-07-29T02:24:22Z	2026-07-29T03:13:38Z	2026-07-29T03:22:44Z
30416741389	lane/24-matrix-signal	Browser live e2e (chromium) (ubuntu-latest)	completed	success	GitHub Actions 1000032809	2026-07-29T02:24:22Z	2026-07-29T02:24:30Z	2026-07-29T02:29:32Z
30416741389	lane/24-matrix-signal	Build (aarch64-apple-darwin)	completed	cancelled		2026-07-29T02:24:22Z	2026-07-29T02:24:22Z	2026-07-29T05:32:27Z
30416741389	lane/24-matrix-signal	CI (macos-latest)	completed	cancelled		2026-07-29T02:24:22Z	2026-07-29T02:24:22Z	2026-07-29T05:32:27Z
30416741389	lane/24-matrix-signal	Eval acceptance gate (Linux, containerized)	completed	success	GitHub Actions 1000032810	2026-07-29T02:24:22Z	2026-07-29T02:24:24Z	2026-07-29T02:30:06Z
30416741389	lane/24-matrix-signal	Build (aarch64-pc-windows-msvc)	completed	success	GitHub Actions 1000032808	2026-07-29T02:24:22Z	2026-07-29T02:24:26Z	2026-07-29T02:56:44Z
30416741389	lane/24-matrix-signal	Build (aarch64-unknown-linux-gnu)	completed	success	GitHub Actions 1000032811	2026-07-29T02:24:22Z	2026-07-29T02:24:25Z	2026-07-29T02:40:17Z
30416741389	lane/24-matrix-signal	Build (x86_64-pc-windows-msvc)	completed	success	GitHub Actions 1000032814	2026-07-29T02:24:22Z	2026-07-29T02:24:25Z	2026-07-29T02:53:54Z
30416741389	lane/24-matrix-signal	Build (x86_64-apple-darwin)	completed	cancelled		2026-07-29T02:24:22Z	2026-07-29T02:24:22Z	2026-07-29T05:32:27Z
30416741389	lane/24-matrix-signal	Build (x86_64-unknown-linux-gnu)	completed	success	GitHub Actions 1000032813	2026-07-29T02:24:22Z	2026-07-29T02:24:25Z	2026-07-29T02:40:05Z
30416741389	lane/24-matrix-signal	report	completed	success	GitHub Actions 1000033016	2026-07-29T05:32:27Z	2026-07-29T05:39:31Z	2026-07-29T05:39:43Z
30416367097	lane/zombie-probe	Browser live e2e (chromium) (ubuntu-latest)	completed	success	GitHub Actions 1000033075	2026-07-29T05:49:38Z	2026-07-29T06:08:26Z	2026-07-29T06:12:59Z
30416367097	lane/zombie-probe	Build (aarch64-pc-windows-msvc)	completed	success	GitHub Actions 1000033078	2026-07-29T05:49:38Z	2026-07-29T06:10:07Z	2026-07-29T06:38:00Z
30416367097	lane/zombie-probe	CI (linux-containerized)	in_progress	-	GitHub Actions 1000033068	2026-07-29T05:49:38Z	2026-07-29T06:05:24Z	-
30416367097	lane/zombie-probe	CI (Array)	queued	-		2026-07-29T05:49:38Z	2026-07-29T05:49:38Z	-
30416367097	lane/zombie-probe	Build (x86_64-unknown-linux-gnu)	completed	success	GitHub Actions 1000033084	2026-07-29T05:49:38Z	2026-07-29T06:12:36Z	2026-07-29T06:28:36Z
30416367097	lane/zombie-probe	CI (macos-latest)	queued	-		2026-07-29T05:49:38Z	2026-07-29T05:49:38Z	-
30416367097	lane/zombie-probe	Build (aarch64-apple-darwin)	queued	-		2026-07-29T05:49:38Z	2026-07-29T05:49:38Z	-
30416367097	lane/zombie-probe	Build (aarch64-unknown-linux-gnu)	completed	success	GitHub Actions 1000033095	2026-07-29T05:49:38Z	2026-07-29T06:18:16Z	2026-07-29T06:33:47Z
30416367097	lane/zombie-probe	Build (x86_64-apple-darwin)	queued	-		2026-07-29T05:49:38Z	2026-07-29T05:49:38Z	-
30416367097	lane/zombie-probe	Eval acceptance gate (Linux, containerized)	completed	success	GitHub Actions 1000033101	2026-07-29T05:49:38Z	2026-07-29T06:22:11Z	2026-07-29T06:27:49Z
30416367097	lane/zombie-probe	Build (x86_64-pc-windows-msvc)	completed	success	GitHub Actions 1000033079	2026-07-29T05:49:38Z	2026-07-29T06:10:11Z	2026-07-29T06:38:33Z
30415983804	lane/24-h5	CI (linux-containerized)	completed	failure	GitHub Actions 1000032795	2026-07-29T02:07:26Z	2026-07-29T02:07:29Z	2026-07-29T02:35:41Z
30415983804	lane/24-h5	Eval acceptance gate (Linux, containerized)	completed	success	GitHub Actions 1000032794	2026-07-29T02:07:26Z	2026-07-29T02:07:33Z	2026-07-29T02:12:07Z
30415983804	lane/24-h5	CI (Array)	completed	failure	ferrox-win-msvc	2026-07-29T02:07:26Z	2026-07-29T02:17:25Z	2026-07-29T02:34:28Z
30415983804	lane/24-h5	Browser live e2e (chromium) (ubuntu-latest)	completed	success	GitHub Actions 1000032796	2026-07-29T02:07:26Z	2026-07-29T02:07:35Z	2026-07-29T02:12:08Z
30415983804	lane/24-h5	CI (macos-latest)	completed	failure	GitHub Actions 1000032925	2026-07-29T02:07:26Z	2026-07-29T04:20:18Z	2026-07-29T04:46:32Z
30415983804	lane/24-h5	Build (x86_64-pc-windows-msvc)	completed	success	GitHub Actions 1000032798	2026-07-29T02:07:26Z	2026-07-29T02:07:28Z	2026-07-29T02:39:34Z
30415983804	lane/24-h5	Build (x86_64-unknown-linux-gnu)	completed	success	GitHub Actions 1000032797	2026-07-29T02:07:26Z	2026-07-29T02:07:29Z	2026-07-29T02:22:00Z
30415983804	lane/24-h5	Build (x86_64-apple-darwin)	completed	cancelled	GitHub Actions 1000032960	2026-07-29T02:07:26Z	2026-07-29T05:29:10Z	2026-07-29T05:32:46Z
30415983804	lane/24-h5	Build (aarch64-unknown-linux-gnu)	completed	success	GitHub Actions 1000032799	2026-07-29T02:07:26Z	2026-07-29T02:07:30Z	2026-07-29T02:23:58Z
30415983804	lane/24-h5	Build (aarch64-pc-windows-msvc)	completed	success	GitHub Actions 1000032800	2026-07-29T02:07:26Z	2026-07-29T02:07:29Z	2026-07-29T02:33:53Z
30415983804	lane/24-h5	Build (aarch64-apple-darwin)	completed	cancelled		2026-07-29T02:07:27Z	2026-07-29T02:07:27Z	2026-07-29T05:32:28Z
30415983804	lane/24-h5	report	completed	success	GitHub Actions 1000032944	2026-07-29T04:46:33Z	2026-07-29T04:46:35Z	2026-07-29T04:46:45Z
