30428107676	lane/release-trust-root	queued		2026-07-29T06:25:18Z
30427984418	plan/f20-unified-audit-repair	queued		2026-07-29T06:22:58Z
30427962806	plan/f20-unified-audit-repair	completed	cancelled	2026-07-29T06:22:33Z
30427890647	lane/ci-macos-budget	pending		2026-07-29T06:21:10Z
30427849371	lane/ci-macos-budget	queued		2026-07-29T06:20:23Z
30427711747	plan/f20-unified-audit-repair	completed	cancelled	2026-07-29T06:17:48Z
30427656275	lane/24-media-bounds	pending		2026-07-29T06:16:47Z
30427513255	lane/ci-macos-budget	completed	cancelled	2026-07-29T06:14:11Z
30427396244	plan/f20-unified-audit-repair	completed	cancelled	2026-07-29T06:12:02Z
30427394315	lane/24-media-bounds	completed	cancelled	2026-07-29T06:12:00Z
30427312317	lane/24-reconnect	pending		2026-07-29T06:10:25Z
30426904442	lane/24-reconnect	completed	cancelled	2026-07-29T06:02:57Z
30426790209	plan/f20-unified-audit-repair	completed	cancelled	2026-07-29T06:00:51Z
30426671774	lane/openapi-consumer	pending		2026-07-29T05:58:40Z
30426668113	lane/24-media-bounds	completed	cancelled	2026-07-29T05:58:36Z
30426639273	lane/24-reconnect	completed	cancelled	2026-07-29T05:58:02Z
30426629499	plan/f20-unified-audit-repair	completed	cancelled	2026-07-29T05:57:50Z
30426570745	plan/f20-unified-audit-repair	completed	cancelled	2026-07-29T05:56:39Z
30426513606	lane/24-reconnect	completed	cancelled	2026-07-29T05:55:30Z
30426505735	lane/24-msteams-attach	pending		2026-07-29T05:55:21Z
30426480954	lane/openapi-consumer	completed	cancelled	2026-07-29T05:54:52Z
30426418225	lane/ci-macos-budget	completed	cancelled	2026-07-29T05:53:37Z
30426416317	plan/f20-unified-audit-repair	completed	cancelled	2026-07-29T05:53:34Z
30426376605	lane/openapi-consumer	completed	cancelled	2026-07-29T05:52:48Z
30426366364	plan/f20-unified-audit-repair	completed	cancelled	2026-07-29T05:52:36Z
30426301917	lane/24-reconnect	completed	cancelled	2026-07-29T05:51:19Z
30426300171	lane/24-media-live	pending		2026-07-29T05:51:16Z
30426146939	lane/24-media-bounds	completed	cancelled	2026-07-29T05:48:11Z
30426088520	lane/24-msteams-attach	completed	cancelled	2026-07-29T05:46:57Z
30426011720	lane/24-media-bounds	queued		2026-07-29T05:45:23Z
30426011384	lane/24-reconnect	completed	cancelled	2026-07-29T05:45:23Z
30425956850	lane/ci-macos-budget	completed	cancelled	2026-07-29T05:44:18Z
30425839473	lane/24-msteams-attach	completed	cancelled	2026-07-29T05:41:58Z
30425791186	lane/openapi-consumer	queued		2026-07-29T05:41:00Z
30425709777	lane/24-media-live	completed	cancelled	2026-07-29T05:39:19Z
30425647729	lane/24-msteams-attach	completed	cancelled	2026-07-29T05:38:00Z
30425630422	lane/24-reconnect	queued		2026-07-29T05:37:39Z
30425437335	plan/f20-unified-audit-repair	completed	cancelled	2026-07-29T05:33:48Z
30425358333	lane/24-msteams-attach	queued		2026-07-29T05:32:17Z
30425230894	lane/24-media-live	queued		2026-07-29T05:29:44Z
30424714942	plan/f20-unified-audit-repair	completed	cancelled	2026-07-29T05:18:59Z
30424630899	lane/24-gateway-surface	queued		2026-07-29T05:17:11Z
30424560161	lane/24-gateway-surface	completed	cancelled	2026-07-29T05:15:42Z
30424475722	lane/24-gateway-surface	completed	cancelled	2026-07-29T05:13:55Z
30423320314	lane/24-gateway-surface	completed	cancelled	2026-07-29T04:49:43Z
30423289490	plan/f20-unified-audit-repair	completed	cancelled	2026-07-29T04:49:00Z
30423227024	lane/24-h6	queued		2026-07-29T04:47:32Z
30423121521	plan/f20-unified-audit-repair	completed	cancelled	2026-07-29T04:45:09Z
30423067781	lane/24-h6	completed	cancelled	2026-07-29T04:43:58Z
30422139063	lane/24-gateway-surface	completed	cancelled	2026-07-29T04:23:24Z
30422133304	lane/24-h6	completed	cancelled	2026-07-29T04:23:16Z
30422057758	lane/24-h6	completed	cancelled	2026-07-29T04:21:36Z
30421640875	lane/24-h6	completed	cancelled	2026-07-29T04:12:17Z
30421332107	plan/f20-unified-audit-repair	completed	failure	2026-07-29T04:05:45Z
30421306254	plan/f20-unified-audit-repair	completed	cancelled	2026-07-29T04:05:12Z
30421252496	lane/24-email-msteams	queued		2026-07-29T04:04:05Z
30421244218	lane/24-media-actions	queued		2026-07-29T04:03:54Z
30421230398	lane/24-gateway-surface	completed	cancelled	2026-07-29T04:03:37Z
30421127356	lane/24-email-msteams	completed	cancelled	2026-07-29T04:01:24Z
30421017465	lane/24-email-msteams	completed	cancelled	2026-07-29T03:59:07Z
30421005170	lane/24-media-actions	completed	cancelled	2026-07-29T03:58:49Z
30420961115	lane/24-media-actions	completed	cancelled	2026-07-29T03:57:48Z
30420957554	lane/24-h6	completed	cancelled	2026-07-29T03:57:43Z
30420923675	lane/24-email-msteams	completed	cancelled	2026-07-29T03:56:53Z
30420905205	plan/f20-unified-audit-repair	completed	cancelled	2026-07-29T03:56:29Z
30420894012	plan/f20-unified-audit-repair	completed	cancelled	2026-07-29T03:56:13Z
30420825834	lane/25-macos	queued		2026-07-29T03:54:42Z
30420751668	lane/24-email-msteams	completed	cancelled	2026-07-29T03:53:02Z
30420677425	lane/24-media-actions	completed	cancelled	2026-07-29T03:51:20Z
30420667049	lane/24-email-msteams	completed	cancelled	2026-07-29T03:51:06Z
30420635993	lane/24-email-msteams	completed	cancelled	2026-07-29T03:50:24Z
30420597086	lane/25-macos	completed	cancelled	2026-07-29T03:49:31Z
30420594234	lane/24-email-msteams	completed	cancelled	2026-07-29T03:49:27Z
30420499562	lane/24-h6	completed	cancelled	2026-07-29T03:47:13Z
30420474577	lane/25-macos	completed	cancelled	2026-07-29T03:46:39Z
30420430783	lane/24-media-actions	completed	cancelled	2026-07-29T03:45:40Z
30420385086	lane/24-gateway-surface	completed	cancelled	2026-07-29T03:44:40Z
30420349886	lane/24-email-msteams	completed	cancelled	2026-07-29T03:43:54Z
30420220815	lane/25-macos	completed	cancelled	2026-07-29T03:40:59Z
30420092783	lane/25-macos	completed	cancelled	2026-07-29T03:38:03Z
30419996325	lane/24-gateway-surface	completed	cancelled	2026-07-29T03:35:50Z
30419322480	plan/f20-unified-audit-repair	completed	cancelled	2026-07-29T03:20:43Z
30419271199	lane/24-matrix-signal	queued		2026-07-29T03:19:37Z
30418588474	plan/f20-unified-audit-repair	completed	cancelled	2026-07-29T03:05:06Z
30418529836	lane/24-h5	queued		2026-07-29T03:03:57Z
30418252770	lane/24-matrix-signal	completed	cancelled	2026-07-29T02:58:12Z
30417879064	lane/24-h5	completed	cancelled	2026-07-29T02:49:45Z
30417650967	lane/24-matrix-signal	completed	cancelled	2026-07-29T02:44:35Z
30417553007	lane/24-h5	completed	cancelled	2026-07-29T02:42:23Z
30417001448	lane/24-h5	completed	cancelled	2026-07-29T02:30:10Z
30416904134	lane/24-h5	completed	cancelled	2026-07-29T02:28:02Z
30416871230	lane/24-matrix-signal	completed	cancelled	2026-07-29T02:27:17Z
30416741389	lane/24-matrix-signal	completed	cancelled	2026-07-29T02:24:21Z
30416603205	lane/24-h5	completed	cancelled	2026-07-29T02:21:20Z
30416489341	lane/24-h5	completed	cancelled	2026-07-29T02:18:45Z
30416440723	plan/f20-unified-audit-repair	completed	cancelled	2026-07-29T02:17:38Z
30416430164	plan/f20-unified-audit-repair	completed	cancelled	2026-07-29T02:17:22Z
30416367097	lane/zombie-probe	queued		2026-07-29T02:15:58Z
30416282671	lane/zombie-probe	completed	cancelled	2026-07-29T02:14:07Z
30415983804	lane/24-h5	completed	cancelled	2026-07-29T02:07:26Z
