30509581934	Build (aarch64-apple-darwin) [self-hosted]	completed	success	sean-mac-arm64	34	2026-07-30T02:51:18Z	2026-07-30T03:04:51Z	2026-07-30T03:13:22Z
30509572479	Build (aarch64-apple-darwin) [self-hosted]	completed	success	sean-mac-arm64	34	2026-07-30T02:51:04Z	2026-07-30T03:13:26Z	2026-07-30T03:21:35Z
30509283129	Build (aarch64-apple-darwin) [self-hosted]	completed	success	sean-mac-arm64	34	2026-07-30T04:02:42Z	2026-07-30T06:39:00Z	2026-07-30T06:46:19Z
30509041862	Build (aarch64-apple-darwin) [self-hosted]	completed	success	sean-mac-arm64	34	2026-07-30T02:41:41Z	2026-07-30T03:21:39Z	2026-07-30T03:30:02Z
30508821619	Build (aarch64-apple-darwin) [self-hosted]	completed	success	sean-mac-arm64	34	2026-07-30T05:50:18Z	2026-07-30T06:17:09Z	2026-07-30T06:24:19Z
30508740768	Build (aarch64-apple-darwin) [self-hosted]	completed	success	sean-mac-arm64	34	2026-07-30T05:00:13Z	2026-07-30T05:48:32Z	2026-07-30T05:55:39Z
30508682362	Build (aarch64-apple-darwin) [self-hosted]	completed	success	sean-mac-arm64	34	2026-07-30T03:04:48Z	2026-07-30T04:36:19Z	2026-07-30T04:46:33Z
30508539496	Build (aarch64-apple-darwin) [self-hosted]	completed	success	sean-mac-arm64	34	2026-07-30T05:29:51Z	2026-07-30T05:33:39Z	2026-07-30T05:41:03Z
30508384754	Build (aarch64-apple-darwin) [self-hosted]	completed	success	sean-mac-arm64	34	2026-07-30T06:07:35Z	2026-07-30T07:01:03Z	2026-07-30T07:08:18Z
30508359909	Build (aarch64-apple-darwin) [self-hosted]	completed	success	sean-mac-arm64	34	2026-07-30T03:45:48Z	2026-07-30T06:24:23Z	2026-07-30T06:31:34Z
30507867289	Build (aarch64-apple-darwin) [self-hosted]	completed	success	sean-mac-arm64	34	2026-07-30T07:07:19Z	2026-07-30T07:15:45Z	2026-07-30T07:23:45Z
30507767951	Build (aarch64-apple-darwin) [self-hosted]	completed	success	sean-mac-arm64	34	2026-07-30T03:59:45Z	2026-07-30T05:11:43Z	2026-07-30T05:18:56Z
30506998461	Build (aarch64-apple-darwin) [self-hosted]	completed	success	sean-mac-arm64	34	2026-07-30T01:55:17Z	2026-07-30T02:56:48Z	2026-07-30T03:04:47Z
30506933711	Build (aarch64-apple-darwin) [self-hosted]	completed	success	sean-mac-arm64	34	2026-07-30T01:53:56Z	2026-07-30T03:54:54Z	2026-07-30T04:02:41Z
30506908685	Build (aarch64-apple-darwin) [self-hosted]	completed	success	sean-mac-arm64	34	2026-07-30T01:53:22Z	2026-07-30T02:23:02Z	2026-07-30T02:31:01Z
30506896012	Build (aarch64-apple-darwin) [self-hosted]	completed	success	sean-mac-arm64	34	2026-07-30T01:53:06Z	2026-07-30T02:49:10Z	2026-07-30T02:56:44Z
30506865142	Build (aarch64-apple-darwin) [self-hosted]	completed	success	sean-mac-arm64	34	2026-07-30T01:52:28Z	2026-07-30T02:15:04Z	2026-07-30T02:22:58Z
30506851129	Build (aarch64-apple-darwin) [self-hosted]	completed	success	sean-mac-arm64	34	2026-07-30T01:52:09Z	2026-07-30T02:31:05Z	2026-07-30T02:41:40Z
30506842136	Build (aarch64-apple-darwin) [self-hosted]	completed	success	sean-mac-arm64	34	2026-07-30T04:04:10Z	2026-07-30T04:27:41Z	2026-07-30T04:36:15Z
30506792075	Build (aarch64-apple-darwin) [self-hosted]	completed	success	sean-mac-arm64	34	2026-07-30T01:50:54Z	2026-07-30T01:58:29Z	2026-07-30T02:06:56Z
30506786290	Build (aarch64-apple-darwin) [self-hosted]	completed	success	sean-mac-arm64	34	2026-07-30T01:50:46Z	2026-07-30T02:07:00Z	2026-07-30T02:15:00Z
30506742522	Build (aarch64-apple-darwin) [self-hosted]	completed	success	sean-mac-arm64	34	2026-07-30T01:49:52Z	2026-07-30T03:46:40Z	2026-07-30T03:54:50Z
30506709610	Build (aarch64-apple-darwin) [self-hosted]	completed	success	sean-mac-arm64	34	2026-07-30T01:49:08Z	2026-07-30T01:49:11Z	2026-07-30T01:58:25Z
30506586002	Build (aarch64-apple-darwin) [self-hosted]	completed	success	sean-mac-arm64	34	2026-07-30T02:04:06Z	2026-07-30T05:55:43Z	2026-07-30T06:02:48Z
30505935714	Build (aarch64-apple-darwin) [self-hosted]	completed	success	sean-mac-arm64	34	2026-07-30T01:35:32Z	2026-07-30T01:35:35Z	2026-07-30T01:43:48Z
