index,concurrency,elapsed_seconds,rows,passing,quiescent_rss_bytes,rss_peak_bytes
0,1,0.259,1,1,61046784,61046784
1,8,11.487,8,8,76427264,366907392
2,32,23.775,32,32,100139008,1058639872
3,1,34.989,1,1,92987392,94621696
4,8,46.186,8,8,93487104,186273792
5,32,57.514,32,32,106901504,1121787904
6,1,68.726,1,1,96251904,108056576
7,8,79.959,8,8,101560320,592400384
8,32,91.279,32,32,110080000,1019400192
9,1,92.691,1,1,104898560,104898560
10,8,103.930,8,8,108023808,550481920
11,32,116.230,32,32,112943104,1287065600
12,1,117.538,1,1,107991040,107991040
13,8,128.764,8,8,111054848,670339072
14,32,140.088,32,32,115355648,961744896
15,1,151.333,1,1,110882816,130998272
16,8,162.573,8,8,111534080,526876672
17,32,173.912,32,32,112476160,1385865216
18,1,178.442,1,1,115941376,606588928
19,8,189.695,8,8,110952448,644882432
20,32,202.013,32,32,115613696,1265475584
21,1,203.335,1,1,109334528,116224000
22,8,214.617,8,8,112603136,632590336
23,32,227.034,32,32,112844800,1308798976
24,1,233.372,1,1,114716672,191823872
25,8,244.642,8,8,113983488,585863168
26,32,256.009,32,32,116547584,1258917888
27,1,257.275,1,1,111112192,117067776
28,8,268.567,8,8,110661632,600911872
29,32,279.921,32,32,121262080,1072447488
30,1,291.193,1,1,109793280,189104128
31,8,302.463,8,8,105865216,207966208
32,32,313.773,32,32,112300032,1148284928
33,1,325.026,1,1,102383616,113778688
34,8,336.278,8,8,105771008,644808704
35,32,347.654,32,32,110686208,1198133248
36,1,349.061,1,1,108892160,108892160
37,8,360.336,8,8,111464448,613412864
38,32,372.659,32,32,115417088,1383956480
39,1,374.009,1,1,109953024,109953024
40,8,385.285,8,8,118644736,665845760
41,32,396.655,32,32,116490240,1373085696
42,1,407.954,1,1,111804416,134475776
43,8,419.212,8,8,106901504,577904640
44,32,430.723,32,32,108113920,1259892736
45,1,435.316,1,1,114659328,669396992
46,8,446.566,8,8,109133824,592101376
47,32,457.948,32,32,112525312,1359675392
48,1,459.303,1,1,110395392,113938432
49,8,470.593,8,8,113414144,614273024
50,32,482.132,32,32,115453952,1364951040
51,1,488.510,1,1,113811456,195112960
52,8,499.804,8,8,113389568,590753792
53,32,511.152,32,32,117649408,1245110272
54,1,512.427,1,1,111734784,118489088
55,8,523.708,8,8,112058368,659116032
56,32,535.080,32,32,118304768,1200443392
57,1,546.384,1,1,110493696,119525376
58,8,557.715,8,8,107515904,214065152
59,32,570.042,32,32,112709632,1135648768
60,1,581.347,1,1,102981632,173957120
61,8,592.654,8,8,105996288,539025408
62,32,605.094,32,32,110686208,983920640
63,1,606.569,1,1,109105152,112209920
64,8,617.865,8,8,111501312,589524992
65,32,629.302,32,32,114814976,1362759680
66,1,630.681,1,1,109809664,109809664
67,8,642.011,8,8,113258496,706183168
68,32,654.418,32,32,113328128,1129295872
69,1,665.673,1,1,113012736,131575808
70,8,676.982,8,8,107405312,553013248
71,32,688.387,32,32,115142656,1425035264
72,1,693.115,1,1,117882880,625041408
73,8,704.408,8,8,112365568,717369344
74,32,715.860,32,32,115990528,1231556608
75,1,717.236,1,1,110587904,110587904
76,8,728.566,8,8,113872896,628154368
77,32,740.068,32,32,116731904,1289871360
78,1,746.489,1,1,115236864,197869568
79,8,757.781,8,8,114581504,699588608
80,32,769.155,32,32,118382592,1493053440
81,1,770.484,1,1,112754688,119894016
82,8,781.797,8,8,112766976,702443520
83,32,793.356,32,32,118161408,1174380544
84,1,804.667,1,1,110899200,112492544
85,8,815.981,8,8,106237952,210427904
86,32,827.516,32,32,114495488,1074536448
87,1,838.826,1,1,104017920,116875264
88,8,850.114,8,8,107175936,601542656
89,32,861.592,32,32,112943104,1154908160
90,1,863.036,1,1,108068864,108068864
91,8,874.320,8,8,110755840,624713728
92,32,885.886,32,32,116699136,1451110400
93,1,887.324,1,1,111308800,111308800
94,8,898.637,8,8,114466816,572792832
95,32,910.134,32,32,116850688,1154748416
96,1,921.427,1,1,112455680,142176256
97,8,932.726,8,8,107454464,574607360
98,32,944.226,32,32,114188288,1298333696
99,1,948.809,1,1,116641792,663724032
100,8,960.094,8,8,111255552,672698368
101,32,971.597,32,32,116142080,1471389696
102,1,972.971,1,1,110915584,110915584
103,8,984.274,8,8,114200576,656867328
104,32,995.918,32,32,115433472,1299759104
105,1,1002.345,1,1,113991680,183091200
106,8,1013.680,8,8,113553408,600244224
107,32,1025.398,32,32,116019200,1341493248
108,1,1026.770,1,1,110206976,110206976
109,8,1038.127,8,8,109297664,685162496
110,32,1049.534,32,32,118853632,1067864064
111,1,1060.912,1,1,111529984,113188864
112,8,1072.296,8,8,106897408,211128320
113,32,1083.810,32,32,108306432,1106448384
114,1,1095.141,1,1,103145472,111349760
115,8,1106.486,8,8,105857024,626802688
116,32,1119.061,32,32,110252032,1127235584
117,1,1120.614,1,1,108593152,150839296
118,8,1131.939,8,8,110813184,626774016
119,32,1143.468,32,32,115777536,1241280512
120,1,1144.909,1,1,110571520,110571520
121,8,1156.280,8,8,112988160,686284800
122,32,1167.934,32,32,113602560,1145581568
123,1,1179.254,1,1,111947776,133750784
124,8,1190.628,8,8,108105728,540282880
125,32,1202.317,32,32,121413632,1411694592
126,1,1206.808,1,1,118390784,683929600
127,8,1218.152,8,8,112787456,732323840
128,32,1229.661,32,32,117055488,1383964672
129,1,1231.103,1,1,111738880,111738880
130,8,1242.455,8,8,114765824,601563136
131,32,1254.065,32,32,117600256,1362976768
132,1,1260.524,1,1,115990528,184811520
133,8,1271.858,8,8,115347456,642990080
134,32,1283.556,32,32,117501952,1398386688
135,1,1284.953,1,1,111992832,111992832
136,8,1296.308,8,8,112451584,654401536
137,32,1308.812,32,32,118542336,1178406912
138,1,1320.152,1,1,111788032,113127424
139,8,1331.599,8,8,106778624,218353664
140,32,1343.305,32,32,112046080,1264345088
141,1,1354.667,1,1,103907328,115691520
142,8,1366.205,8,8,107950080,567693312
143,32,1377.845,32,32,109682688,1152663552
144,1,1379.374,1,1,107728896,107728896
145,8,1390.710,8,8,110567424,666611712
146,32,1402.474,32,32,114929664,1194029056
147,1,1403.899,1,1,109568000,117583872
148,8,1415.290,8,8,112836608,577519616
149,32,1427.971,32,32,113512448,1316495360
150,1,1439.332,1,1,113225728,132096000
151,8,1450.740,8,8,105381888,547516416
152,32,1462.837,32,32,116822016,1425203200
153,1,1467.631,1,1,120250368,654884864
154,8,1478.979,8,8,114814976,709656576
155,32,1490.735,32,32,118493184,1320386560
156,1,1492.209,1,1,113250304,113250304
157,8,1503.573,8,8,116060160,667291648
158,32,1515.468,32,32,118550528,1441431552
159,1,1522.000,1,1,117149696,195272704
160,8,1533.406,8,8,116076544,761479168
161,32,1545.140,32,32,117469184,1426620416
162,1,1546.517,1,1,114876416,114876416
163,8,1557.894,8,8,113455104,663232512
164,32,1569.729,32,32,116084736,1133330432
165,1,1581.087,1,1,113029120,114634752
166,8,1592.481,8,8,106782720,218112000
167,32,1604.423,32,32,110260224,1126711296
168,1,1615.835,1,1,104022016,114282496
169,8,1627.216,8,8,107446272,551829504
170,32,1639.706,32,32,111468544,1011220480
171,1,1641.250,1,1,106672128,106672128
172,8,1652.642,8,8,108810240,719167488
173,32,1664.375,32,32,110325760,1449988096
174,1,1665.880,1,1,107917312,107773952
175,8,1677.272,8,8,111382528,723918848
176,32,1689.080,32,32,114491392,1160474624
177,1,1700.411,1,1,109760512,136822784
178,8,1711.828,8,8,107667456,605024256
179,32,1723.587,32,32,114167808,1260146688
180,1,1728.334,1,1,116731904,695762944
181,8,1739.839,8,8,106975232,723468288
182,32,1751.511,32,32,114532352,1369092096
183,1,1753.027,1,1,108974080,120811520
184,8,1764.765,8,8,109334528,665001984
185,32,1776.701,32,32,112484352,1334423552
186,1,1783.270,1,1,114819072,196141056
187,8,1794.787,8,8,113504256,635129856
188,32,1807.359,32,32,113758208,1502076928
189,1,1808.779,1,1,110825472,110825472
190,8,1820.205,8,8,111169536,583266304
191,32,1832.009,32,32,117637120,1119477760
192,1,1843.428,1,1,110833664,111837184
193,8,1854.901,8,8,108060672,226852864
194,32,1867.713,32,32,122179584,1233985536
195,1,1879.178,1,1,105676800,127193088
196,8,1890.668,8,8,108371968,657018880
197,32,1903.318,32,32,125734912,1037389824
198,1,1904.866,1,1,113291264,113291264
199,8,1916.241,8,8,114941952,649166848
200,32,1929.527,32,32,124821504,1377304576
201,1,1931.031,1,1,115015680,115015680
202,8,1942.458,8,8,117870592,662380544
203,32,1955.286,32,32,124416000,1401335808
204,1,1966.869,1,1,115789824,146186240
205,8,1978.506,8,8,108933120,609247232
206,32,1991.127,32,32,113442816,1397182464
207,1,1995.991,1,1,120487936,589205504
208,8,2007.387,8,8,114798592,618438656
209,32,2019.331,32,32,115773440,1570172928
210,1,2020.857,1,1,113471488,113471488
211,8,2032.264,8,8,116060160,682708992
212,32,2044.118,32,32,119672832,1348915200
213,1,2050.652,1,1,117547008,194670592
214,8,2062.095,8,8,113713152,675938304
215,32,2074.072,32,32,116121600,1483067392
216,1,2075.490,1,1,113344512,113344512
217,8,2087.088,8,8,114044928,673169408
218,32,2099.143,32,32,119062528,1256357888
219,1,2110.558,1,1,112259072,113389568
220,8,2122.214,8,8,107941888,263331840
221,32,2134.128,32,32,111104000,1055272960
222,1,2145.578,1,1,106483712,117153792
223,8,2157.157,8,8,108683264,531423232
224,32,2169.109,32,32,109772800,1282994176
225,1,2170.668,1,1,108646400,113545216
226,8,2182.102,8,8,111251456,719065088
227,32,2194.216,32,32,111833088,1444675584
228,1,2195.754,1,1,109203456,109203456
229,8,2207.312,8,8,112123904,691421184
230,32,2219.316,32,32,114343936,1187971072
231,1,2230.730,1,1,109445120,137031680
232,8,2242.294,8,8,105119744,503578624
233,32,2254.226,32,32,115236864,1217736704
234,1,2259.115,1,1,117972992,632987648
235,8,2270.556,8,8,112529408,702517248
236,32,2282.575,32,32,117362688,1341652992
237,1,2284.149,1,1,111661056,111661056
238,8,2295.584,8,8,114212864,693219328
239,32,2307.445,32,32,117391360,1335750656
240,1,2313.996,1,1,116043776,197341184
241,8,2325.477,8,8,115302400,637538304
242,32,2337.509,32,32,118022144,1564225536
243,1,2338.956,1,1,112148480,112148480
244,8,2350.424,8,8,112025600,711012352
245,32,2362.391,32,32,117747712,1325420544
246,1,2373.833,1,1,111099904,111927296
247,8,2385.277,8,8,107937792,234250240
248,32,2396.963,32,32,116273152,1375666176
249,1,2408.374,1,1,106864640,122294272
250,8,2419.976,8,8,105660416,626335744
251,32,2431.862,32,32,111951872,1075478528
252,1,2433.421,1,1,109613056,109613056
253,8,2444.837,8,8,111628288,709816320
254,32,2456.827,32,32,117420032,1269366784
255,1,2458.364,1,1,111886336,111886336
256,8,2469.806,8,8,114925568,701743104
257,32,2481.734,32,32,119021568,1227694080
258,1,2493.158,1,1,114077696,142479360
259,8,2504.577,8,8,110084096,558612480
260,32,2516.452,32,32,117137408,1468043264
261,1,2521.156,1,1,119791616,599085056
262,8,2532.581,8,8,113844224,730267648
263,32,2544.525,32,32,114442240,1440550912
264,1,2546.067,1,1,112832512,112832512
265,8,2557.653,8,8,115634176,742375424
266,32,2569.544,32,32,118616064,1400635392
267,1,2576.076,1,1,117133312,199827456
268,8,2587.524,8,8,116482048,800153600
269,32,2599.552,32,32,114941952,1363120128
270,1,2600.988,1,1,113270784,116228096
271,8,2612.589,8,8,112676864,623489024
272,32,2624.714,32,32,119328768,1160794112
273,1,2636.142,1,1,111960064,113242112
274,8,2648.008,8,8,106196992,246349824
275,32,2660.004,32,32,111816704,1065435136
276,1,2671.514,1,1,107966464,118763520
277,8,2683.089,8,8,109608960,576696320
278,32,2695.102,32,32,115466240,1178783744
279,1,2696.659,1,1,110010368,110010368
280,8,2708.117,8,8,112484352,668971008
281,32,2720.114,32,32,112910336,1374281728
282,1,2721.635,1,1,110415872,110415872
283,8,2733.102,8,8,112926720,697606144
284,32,2745.084,32,32,114950144,1214398464
285,1,2756.501,1,1,112979968,137646080
286,8,2768.078,8,8,107773952,581001216
287,32,2780.260,32,32,120352768,1469464576
288,1,2784.996,1,1,122904576,747044864
289,8,2796.482,8,8,117387264,756822016
290,32,2808.748,32,32,122580992,1232183296
291,1,2810.334,1,1,116776960,116776960
292,8,2822.021,8,8,120369152,700047360
293,32,2834.096,32,32,119402496,1371725824
294,1,2840.699,1,1,121839616,193388544
295,8,2852.197,8,8,116248576,656138240
296,32,2864.186,32,32,123576320,1387917312
297,1,2865.689,1,1,117633024,117633024
298,8,2877.512,8,8,117841920,750551040
299,32,2889.841,32,32,116367360,1126965248
300,1,2901.308,1,1,113692672,114737152
301,8,2913.026,8,8,108744704,259932160
302,32,2925.000,32,32,112185344,1334972416
303,1,2936.761,1,1,106676224,120999936
304,8,2948.443,8,8,109682688,517091328
305,32,2960.504,32,32,114483200,1138368512
306,1,2962.073,1,1,112201728,128266240
307,8,2973.779,8,8,114577408,728076288
308,32,2985.976,32,32,120766464,1299161088
309,1,2987.560,1,1,114896896,114896896
310,8,2999.007,8,8,117182464,753885184
311,32,3011.092,32,32,117493760,1187934208
312,1,3022.593,1,1,116563968,144011264
313,8,3034.326,8,8,107298816,550576128
314,32,3046.328,32,32,117841920,1272193024
315,1,3050.918,1,1,120045568,617287680
316,8,3062.387,8,8,114716672,676585472
317,32,3074.413,32,32,113876992,1433337856
318,1,3076.026,1,1,112320512,112320512
319,8,3087.872,8,8,111104000,579350528
320,32,3099.823,32,32,113967104,1598226432
321,1,3106.409,1,1,116174848,198488064
322,8,3118.040,8,8,111902720,797720576
323,32,3130.602,32,32,118321152,1713221632
324,1,3132.164,1,1,112951296,194396160
325,8,3143.673,8,8,112488448,648851456
326,32,3155.603,32,32,119980032,1117048832
327,1,3167.085,1,1,113225728,131301376
328,8,3178.807,8,8,105459712,236126208
329,32,3190.731,32,32,112476160,1155629056
330,1,3202.288,1,1,107356160,120553472
331,8,3213.772,8,8,107499520,661307392
332,32,3226.045,32,32,115306496,1305284608
333,1,3227.724,1,1,110186496,110186496
334,8,3239.496,8,8,109506560,580157440
335,32,3251.942,32,32,116465664,1542385664
336,1,3253.557,1,1,110665728,110665728
337,8,3265.551,8,8,110678016,572444672
338,32,3277.888,32,32,117399552,1108443136
339,1,3289.385,1,1,112365568,140087296
340,8,3301.089,8,8,105721856,610672640
341,32,3313.284,32,32,115425280,1394520064
342,1,3318.308,1,1,118431744,621801472
343,8,3329.813,8,8,112799744,674426880
344,32,3342.047,32,32,116686848,1350516736
345,1,3343.667,1,1,110755840,110755840
346,8,3355.369,8,8,114044928,639225856
347,32,3367.682,32,32,117260288,1359089664
348,1,3374.318,1,1,115064832,216764416
349,8,3386.347,8,8,114552832,699924480
350,32,3398.654,32,32,113844224,1412747264
351,1,3400.240,1,1,110698496,124399616
352,8,3412.026,8,8,110559232,681013248
353,32,3424.253,32,32,112697344,1143922688
354,1,3435.804,1,1,110186496,110727168
355,8,3447.783,8,8,110305280,237293568
356,32,3459.932,32,32,112603136,1126957056
357,1,3471.488,1,1,107532288,120426496
358,8,3483.043,8,8,109920256,574930944
359,32,3495.283,32,32,116064256,1127002112
360,1,3496.951,1,1,110456832,110456832
361,8,3508.908,8,8,110542848,626171904
362,32,3521.262,32,32,112791552,1489031168
363,1,3522.864,1,1,110153728,110153728
364,8,3534.633,8,8,113205248,535564288
365,32,3546.885,32,32,115998720,1100144640
366,1,3558.389,1,1,111058944,192118784
367,8,3570.141,8,8,110350336,491286528
368,32,3582.346,32,32,112377856,1384525824
369,1,3587.234,1,1,118878208,568274944
370,8,3599.427,8,8,113913856,586395648
371,32,3612.569,32,32,115208192,1378910208
372,1,3614.256,1,1,112218112,112218112
373,8,3625.976,8,8,111583232,724111360
374,32,3638.083,32,32,119275520,1360396288
375,1,3644.809,1,1,116858880,194174976
376,8,3656.638,8,8,115757056,725635072
377,32,3669.092,32,32,119513088,1444425728
378,1,3670.702,1,1,113504256,126746624
379,8,3682.364,8,8,112812032,660574208
380,32,3694.464,32,32,116015104,1186213888
381,1,3706.042,1,1,112152576,113045504
382,8,3717.780,8,8,105259008,267337728
383,32,3729.878,32,32,113569792,1068367872
384,1,3741.407,1,1,108687360,122650624
385,8,3753.090,8,8,110592000,588869632
386,32,3765.148,32,32,116862976,1242316800
387,1,3767.033,1,1,111247360,126676992
388,8,3778.605,8,8,113528832,570064896
389,32,3790.745,32,32,115822592,1336700928
390,1,3792.436,1,1,113270784,113270784
391,8,3804.022,8,8,114753536,704794624
392,32,3816.322,32,32,114774016,1031229440
393,1,3827.928,1,1,112893952,141365248
394,8,3839.775,8,8,106496000,621445120
395,32,3852.111,32,32,113459200,1514754048
396,1,3856.916,1,1,118775808,645042176
397,8,3868.809,8,8,109293568,691482624
398,32,3881.008,32,32,115380224,1311895552
399,1,3882.670,1,1,110211072,110100480
400,8,3894.470,8,8,109305856,623976448
401,32,3907.553,32,32,113643520,1505857536
402,1,3914.343,1,1,115933184,193630208
403,8,3926.014,8,8,111517696,678739968
404,32,3938.203,32,32,119906304,1542131712
405,1,3939.853,1,1,113655808,196403200
406,8,3951.450,8,8,112316416,703041536
407,32,3963.825,32,32,117317632,1279942656
408,1,3975.379,1,1,112922624,114110464
409,8,3987.326,8,8,106205184,254750720
410,32,3999.647,32,32,114233344,1118048256
411,1,4011.269,1,1,108630016,125181952
412,8,4023.006,8,8,110710784,537444352
413,32,4035.239,32,32,118796288,1132314624
414,1,4037.063,1,1,113119232,195231744
415,8,4048.826,8,8,115240960,746786816
416,32,4060.820,32,32,118595584,1439510528
417,1,4062.489,1,1,112988160,112988160
418,8,4074.106,8,8,115404800,674086912
419,32,4086.547,32,32,117866496,1168715776
420,1,4098.144,1,1,112701440,144175104
421,8,4109.758,8,8,110399488,643936256
422,32,4122.207,32,32,114913280,1277276160
423,1,4127.244,1,1,120365056,604856320
424,8,4138.786,8,8,114835456,643870720
425,32,4151.519,32,32,116977664,1314037760
426,1,4153.179,1,1,114360320,126603264
427,8,4164.983,8,8,117760000,619098112
428,32,4177.590,32,32,120901632,1340489728
429,1,4184.329,1,1,122818560,211755008
430,8,4196.027,8,8,121409536,732667904
431,32,4208.803,32,32,126234624,1522917376
432,1,4210.407,1,1,119992320,119992320
433,8,4221.955,8,8,119603200,714907648
434,32,4234.459,32,32,124555264,1159204864
435,1,4246.054,1,1,119734272,132956160
436,8,4257.851,8,8,111546368,257703936
437,32,4270.077,32,32,116580352,1099100160
438,1,4281.655,1,1,108199936,128196608
439,8,4293.381,8,8,107606016,519151616
440,32,4306.026,32,32,114651136,1241747456
441,1,4307.800,1,1,112246784,112246784
442,8,4319.419,8,8,113917952,666861568
443,32,4331.624,32,32,114114560,1290539008
444,1,4333.320,1,1,111763456,122728448
445,8,4344.914,8,8,113790976,680693760
446,32,4357.569,32,32,113737728,1185677312
447,1,4369.191,1,1,112693248,138493952
448,8,4381.405,8,8,111661056,576417792
449,32,4394.284,32,32,119103488,1590579200
450,1,4399.276,1,1,121810944,693837824
451,8,4411.194,8,8,116002816,706310144
452,32,4423.529,32,32,119980032,1728745472
453,1,4425.259,1,1,114225152,178864128
454,8,4436.845,8,8,117514240,739368960
455,32,4449.425,32,32,120655872,1474355200
456,1,4456.151,1,1,118128640,244318208
457,8,4468.021,8,8,114065408,692908032
458,32,4480.907,32,32,117989376,1562607616
459,1,4482.550,1,1,114737152,114737152
460,8,4494.516,8,8,114737152,656408576
461,32,4507.753,32,32,121991168,1256013824
462,1,4519.396,1,1,115052544,131702784
463,8,4531.189,8,8,106545152,310652928
464,32,4543.403,32,32,116596736,1124954112
465,1,4555.022,1,1,107859968,127475712
466,8,4567.383,8,8,110284800,699674624
467,32,4580.318,32,32,119656448,1184645120
468,1,4582.119,1,1,117215232,117215232
469,8,4593.876,8,8,98619392,732475392
470,32,4606.732,32,32,99545088,1584791552
471,1,4608.618,1,1,96894976,110305280
472,8,4620.335,8,8,96362496,719458304
473,32,4632.727,32,32,103858176,1224663040
474,1,4644.382,1,1,98471936,148512768
475,8,4655.974,8,8,90828800,600035328
476,32,4668.673,32,32,93384704,1402040320
477,1,4673.792,1,1,99659776,625201152
478,8,4685.586,8,8,94035968,669265920
479,32,4698.424,32,32,96886784,1384312832
480,1,4700.180,1,1,91316224,91316224
481,8,4711.806,8,8,94187520,609832960
482,32,4725.003,32,32,100556800,1428803584
483,1,4731.744,1,1,98553856,185688064
484,8,4743.369,8,8,97173504,706916352
485,32,4756.068,32,32,101281792,1311657984
486,1,4757.888,1,1,95543296,103989248
487,8,4770.121,8,8,95698944,732225536
488,32,4782.791,32,32,94322688,1148465152
489,1,4794.465,1,1,90607616,173441024
490,8,4806.371,8,8,89944064,284160000
491,32,4819.122,32,32,92422144,1177739264
492,1,4830.745,1,1,88031232,102981632
493,8,4842.570,8,8,89669632,646909952
494,32,4855.495,32,32,98107392,1186017280
495,1,4857.363,1,1,96673792,96673792
496,8,4869.195,8,8,95662080,636551168
497,32,4882.144,32,32,100818944,1301020672
498,1,4883.902,1,1,99135488,108957696
499,8,4895.635,8,8,97837056,678768640
500,32,4907.917,32,32,104660992,1219416064
501,1,4919.561,1,1,99479552,184299520
502,8,4931.373,8,8,87150592,543678464
503,32,4943.788,32,32,95649792,1410699264
504,1,4948.989,1,1,97857536,547905536
505,8,4961.258,8,8,92667904,690561024
506,32,4973.983,32,32,92160000,1247084544
507,1,4975.737,1,1,89440256,172064768
508,8,4987.730,8,8,92942336,633974784
509,32,5000.373,32,32,96276480,1238487040
510,1,5007.174,1,1,93712384,159453184
511,8,5019.277,8,8,90091520,620015616
512,32,5032.252,32,32,93814784,1331011584
513,1,5034.005,1,1,91512832,104538112
514,8,5045.705,8,8,90906624,604323840
515,32,5058.376,32,32,93831168,1189847040
516,1,5070.028,1,1,90062848,90677248
517,8,5081.822,8,8,86052864,272310272
518,32,5094.867,32,32,95023104,1091936256
519,1,5106.521,1,1,89272320,110338048
520,8,5118.308,8,8,91295744,592711680
521,32,5131.043,32,32,92737536,1164730368
522,1,5132.965,1,1,91394048,111935488
523,8,5144.822,8,8,93663232,557871104
524,32,5157.813,32,32,91877376,1249886208
525,1,5159.587,1,1,90361856,90361856
526,8,5172.257,8,8,93270016,675635200
527,32,5185.153,32,32,93425664,1081987072
528,1,5196.883,1,1,91365376,173232128
529,8,5209.319,8,8,87552000,659075072
530,32,5222.059,32,32,95485952,1420558336
531,1,5227.112,1,1,97619968,528408576
532,8,5239.195,8,8,87760896,608788480
533,32,5251.961,32,32,92917760,1517420544
534,1,5253.716,1,1,91070464,91070464
535,8,5265.351,8,8,93691904,713342976
536,32,5277.889,32,32,97755136,1356648448
537,1,5284.690,1,1,95637504,173248512
538,8,5296.956,8,8,92598272,627761152
539,32,5309.945,32,32,97013760,1429204992
540,1,5311.709,1,1,90882048,90882048
541,8,5323.821,8,8,91348992,606957568
542,32,5336.727,32,32,93753344,1202929664
543,1,5348.451,1,1,90333184,91013120
544,8,5360.529,8,8,84582400,261570560
545,32,5373.254,32,32,91095040,1111793664
546,1,5385.001,1,1,86753280,106053632
547,8,5396.870,8,8,86323200,616931328
548,32,5410.674,32,32,96477184,1199013888
549,1,5412.590,1,1,91279360,109035520
550,8,5424.292,8,8,93437952,637296640
551,32,5437.212,32,32,94953472,1427189760
552,1,5439.017,1,1,93294592,93294592
553,8,5450.863,8,8,95985664,706805760
554,32,5463.796,32,32,97165312,1266069504
555,1,5475.544,1,1,96055296,128684032
556,8,5487.999,8,8,88768512,516182016
557,32,5501.207,32,32,95293440,1261981696
558,1,5506.505,1,1,97337344,683020288
559,8,5518.352,8,8,91967488,666320896
560,32,5532.673,32,32,92585984,1367339008
561,1,5534.473,1,1,89878528,125927424
562,8,5546.158,8,8,93274112,620834816
563,32,5558.657,32,32,97542144,1282568192
564,1,5565.478,1,1,95358976,184438784
565,8,5577.154,8,8,93671424,687206400
566,32,5589.947,32,32,97484800,1485115392
567,1,5591.704,1,1,91111424,107991040
568,8,5603.638,8,8,90443776,600535040
569,32,5616.419,32,32,94543872,1184378880
570,1,5628.118,1,1,91340800,92225536
571,8,5640.236,8,8,88313856,258355200
572,32,5652.887,32,32,93519872,1334980608
573,1,5664.612,1,1,86069248,107638784
574,8,5676.864,8,8,87883776,576700416
575,32,5690.760,32,32,95223808,1296420864
576,1,5692.674,1,1,93872128,176742400
577,8,5704.517,8,8,95547392,723603456
578,32,5718.234,32,32,97202176,1195061248
579,1,5720.024,1,1,94564352,94564352
580,8,5732.029,8,8,94281728,779710464
581,32,5744.450,32,32,100188160,1374679040
582,1,5756.191,1,1,97767424,131203072
583,8,5768.189,8,8,89788416,593117184
584,32,5780.818,32,32,95707136,1313120256
585,1,5786.022,1,1,97787904,632377344
586,8,5797.986,8,8,88649728,626249728
587,32,5810.810,32,32,96415744,1447391232
588,1,5812.644,1,1,90873856,117698560
589,8,5824.763,8,8,93646848,744042496
590,32,5837.725,32,32,99885056,1467400192
591,1,5844.608,1,1,97046528,183181312
592,8,5857.060,8,8,96542720,687554560
593,32,5869.796,32,32,95068160,1464803328
594,1,5871.607,1,1,91688960,114778112
595,8,5883.835,8,8,91336704,742682624
596,32,5898.073,32,32,94552064,1152282624
597,1,5909.816,1,1,91693056,109039616
598,8,5921.720,8,8,87711744,274161664
599,32,5934.525,32,32,89509888,1148211200
600,1,5946.274,1,1,86446080,108359680
601,8,5958.016,8,8,89690112,591187968
602,32,5970.722,32,32,91930624,1193422848
603,1,5972.655,1,1,89059328,113659904
604,8,5984.917,8,8,90730496,667041792
605,32,5997.419,32,32,97980416,1366593536
606,1,5999.246,1,1,92045312,92045312
607,8,6011.088,8,8,91324416,727560192
608,32,6024.325,32,32,96649216,1062821888
609,1,6036.124,1,1,91533312,130109440
610,8,6047.927,8,8,90664960,584310784
611,32,6061.394,32,32,94380032,1424056320
612,1,6066.802,1,1,96215040,593817600
613,8,6078.578,8,8,91697152,664125440
614,32,6091.837,32,32,91586560,1509515264
615,1,6093.690,1,1,89952256,89952256
616,8,6106.065,8,8,89559040,710119424
617,32,6119.117,32,32,93704192,1370083328
618,1,6126.054,1,1,95219712,186982400
619,8,6138.518,8,8,94953472,662073344
620,32,6151.944,32,32,94531584,1537916928
621,1,6153.796,1,1,92106752,92106752
622,8,6165.760,8,8,92934144,650874880
623,32,6178.613,32,32,97128448,1164845056
624,1,6190.368,1,1,90370048,90963968
625,8,6202.419,8,8,83902464,275632128
626,32,6215.779,32,32,90345472,1106731008
627,1,6227.558,1,1,88080384,103378944
628,8,6239.574,8,8,86376448,536641536
629,32,6252.761,32,32,93798400,984453120
630,1,6254.686,1,1,87797760,87797760
631,8,6267.504,8,8,90300416,682430464
632,32,6280.512,32,32,92491776,1501777920
633,1,6282.363,1,1,89776128,108171264
634,8,6294.173,8,8,91734016,695099392
635,32,6308.269,32,32,97226752,1245532160
636,1,6319.986,1,1,92590080,129339392
637,8,6331.894,8,8,89292800,610254848
638,32,6345.097,32,32,90439680,1421459456
639,1,6350.293,1,1,95506432,639455232
640,8,6362.178,8,8,90624000,627052544
641,32,6375.694,32,32,95502336,1462022144
642,1,6377.586,1,1,90218496,110108672
643,8,6390.021,8,8,90583040,718405632
644,32,6402.972,32,32,96604160,1570115584
645,1,6409.943,1,1,94355456,179986432
646,8,6422.046,8,8,89100288,767954944
647,32,6435.541,32,32,98340864,1317384192
648,1,6437.360,1,1,92438528,126386176
649,8,6449.823,8,8,92794880,652787712
650,32,6462.594,32,32,96890880,1268576256
651,1,6474.358,1,1,90267648,179601408
652,8,6486.340,8,8,88567808,282304512
653,32,6499.645,32,32,92028928,1088151552
654,1,6511.443,1,1,87564288,176156672
655,8,6523.815,8,8,89686016,538439680
656,32,6536.994,32,32,91439104,1060360192
657,1,6539.044,1,1,88870912,88870912
658,8,6551.194,8,8,88514560,688930816
659,32,6564.321,32,32,95416320,1209974784
660,1,6566.181,1,1,89366528,89366528
661,8,6578.939,8,8,92729344,612630528
662,32,6592.095,32,32,96796672,1127559168
663,1,6603.866,1,1,91426816,131575808
664,8,6615.797,8,8,86065152,614912000
665,32,6628.388,32,32,94441472,1160671232
666,1,6633.436,1,1,96849920,581804032
667,8,6645.380,8,8,91250688,660815872
668,32,6658.830,32,32,96153600,1337606144
669,1,6660.741,1,1,90300416,180969472
670,8,6673.210,8,8,88756224,652918784
671,32,6686.515,32,32,98168832,1456967680
672,1,6693.442,1,1,95522816,175751168
673,8,6705.370,8,8,94339072,693501952
674,32,6718.681,32,32,97021952,1483640832
675,1,6720.541,1,1,90828800,90828800
676,8,6732.941,8,8,90869760,700862464
677,32,6746.167,32,32,93536256,1149231104
678,1,6757.976,1,1,90624000,111390720
679,8,6770.276,8,8,88891392,278319104
680,32,6783.468,32,32,90304512,1178177536
681,1,6795.259,1,1,86441984,106745856
682,8,6807.390,8,8,85295104,629981184
683,32,6820.726,32,32,91418624,1128103936
684,1,6822.797,1,1,89808896,89808896
685,8,6835.351,8,8,91545600,700030976
686,32,6848.530,32,32,93736960,1269657600
687,1,6850.452,1,1,90718208,96899072
688,8,6862.940,8,8,91115520,642842624
689,32,6875.988,32,32,97689600,1210138624
690,1,6887.814,1,1,92360704,130887680
691,8,6899.645,8,8,89784320,628449280
692,32,6913.786,32,32,93696000,1276198912
693,1,6919.238,1,1,99315712,756297728
694,8,6931.381,8,8,90136576,683155456
695,32,6944.904,32,32,94470144,1342734336
696,1,6946.812,1,1,91602944,91602944
697,8,6958.710,8,8,95125504,659312640
698,32,6973.964,32,32,99065856,1150361600
699,1,6980.905,1,1,96841728,185020416
700,8,6993.024,8,8,96591872,701128704
701,32,7006.415,32,32,103350272,1438044160
702,1,7008.323,1,1,97415168,185692160
703,8,7020.665,8,8,97243136,723771392
704,32,7033.801,32,32,94392320,1171746816
705,1,7045.636,1,1,91496448,101457920
706,8,7057.585,8,8,85364736,297996288
707,32,7071.308,32,32,90968064,1141280768
708,1,7083.110,1,1,86781952,110645248
709,8,7095.652,8,8,89874432,659935232
710,32,7108.901,32,32,91148288,1193414656
711,1,7110.991,1,1,89460736,89460736
712,8,7122.991,8,8,88084480,646909952
713,32,7135.780,32,32,94507008,1477500928
714,1,7137.729,1,1,89153536,112680960
715,8,7149.704,8,8,88260608,696659968
716,32,7163.022,32,32,91631616,1214332928
717,1,7174.879,1,1,90775552,128290816
718,8,7187.036,8,8,85733376,555425792
719,32,7200.431,32,32,89980928,1436708864
